user_id,signup_date,country,plan,total_revenue,total_events
1,2026-01-02 21:31:15.969179,BR,free,487.36,35
2,2026-02-11 21:31:15.969179,DE,free,274.14,38
3,2026-01-10 21:31:15.969179,US,premium,304.6,31
4,2026-03-25 21:31:15.969179,BR,premium,304.6,35
5,2025-12-30 21:31:15.969179,BR,premium,213.22,34
6,2026-01-28 21:31:15.969179,BR,free,365.52,38
7,2026-03-10 21:31:15.969179,BR,free,426.44,26
8,2026-01-22 21:31:15.969179,UK,premium,517.82,29
9,2026-01-30 21:31:15.969179,US,free,274.14,34
10,2026-02-26 21:31:15.969179,US,free,456.90000000000003,29
11,2026-03-06 21:31:15.969179,BR,free,274.14,20
12,2026-01-18 21:31:15.969179,DE,premium,578.74,24
13,2026-02-07 21:31:15.969179,UK,premium,700.58,29
14,2026-03-12 21:31:15.969179,BR,free,335.06,30
15,2026-01-09 21:31:15.969179,BR,premium,274.14,26
16,2026-01-21 21:31:15.969179,BR,premium,578.74,31
17,2026-01-02 21:31:15.969179,BR,free,365.52,32
18,2026-02-03 21:31:15.969179,BR,free,304.6,27
19,2026-01-05 21:31:15.969179,BR,premium,639.66,29
20,2026-01-25 21:31:15.969179,BR,free,456.90000000000003,26
21,2026-02-19 21:31:15.969179,US,free,426.44,35
22,2026-03-21 21:31:15.969179,BR,free,426.44,28
23,2026-02-09 21:31:15.969179,BR,premium,335.06,25
24,2026-01-10 21:31:15.969179,BR,premium,274.14,25
25,2026-02-09 21:31:15.969179,BR,premium,578.74,36
26,2026-02-15 21:31:15.969179,US,free,517.82,26
27,2026-02-26 21:31:15.969179,BR,premium,456.90000000000003,28
28,2026-01-11 21:31:15.969179,BR,premium,243.68,36
29,2025-12-31 21:31:15.969179,BR,free,456.90000000000003,26
30,2026-03-19 21:31:15.969179,BR,premium,274.14,38
31,2026-01-17 21:31:15.969179,US,free,487.36,19
32,2026-03-21 21:31:15.969179,BR,free,274.14,24
33,2026-02-03 21:31:15.969179,BR,free,213.22,20
34,2026-03-23 21:31:15.969179,DE,free,213.22,22
35,2026-01-06 21:31:15.969179,DE,free,365.52,34
36,2026-02-04 21:31:15.969179,UK,free,182.76,41
37,2026-03-19 21:31:15.969179,BR,free,213.22,28
38,2026-01-18 21:31:15.969179,BR,premium,213.22,31
39,2026-03-05 21:31:15.969179,US,free,456.90000000000003,27
40,2026-01-17 21:31:15.969179,BR,free,335.06,31
41,2026-03-11 21:31:15.969179,BR,free,335.06,30
42,2026-01-18 21:31:15.969179,BR,premium,426.44,28
43,2026-03-27 21:31:15.969179,BR,free,395.98,25
44,2026-01-09 21:31:15.969179,DE,free,456.90000000000003,30
45,2026-02-25 21:31:15.969179,BR,premium,335.06,35
46,2026-03-26 21:31:15.969179,US,free,365.52,36
47,2026-03-25 21:31:15.969179,BR,free,548.28,34
48,2026-03-24 21:31:15.969179,BR,free,304.6,36
49,2026-01-19 21:31:15.969179,BR,premium,426.44,33
50,2026-03-08 21:31:15.969179,BR,free,274.14,29
51,2025-12-31 21:31:15.969179,DE,premium,274.14,27
52,2026-01-31 21:31:15.969179,US,free,426.44,34
53,2026-02-17 21:31:15.969179,DE,premium,456.90000000000003,27
54,2026-01-01 21:31:15.969179,UK,premium,335.06,40
55,2026-02-26 21:31:15.969179,BR,premium,213.22,33
56,2026-01-26 21:31:15.969179,DE,free,456.90000000000003,23
57,2026-03-09 21:31:15.969179,BR,premium,487.36,34
58,2026-03-10 21:31:15.969179,BR,free,487.36,22
59,2025-12-30 21:31:15.969179,BR,free,609.2,27
60,2026-03-11 21:31:15.969179,BR,free,365.52,22
61,2026-01-16 21:31:15.969179,BR,premium,335.06,35
62,2026-01-01 21:31:15.969179,BR,premium,365.52,28
63,2026-03-02 21:31:15.969179,UK,premium,274.14,23
64,2026-01-19 21:31:15.969179,BR,free,304.6,31
65,2026-03-12 21:31:15.969179,BR,free,609.2,28
66,2026-03-20 21:31:15.969179,BR,premium,487.36,32
67,2026-03-26 21:31:15.969179,BR,free,304.6,36
68,2026-01-24 21:31:15.969179,UK,free,548.28,33
69,2026-01-31 21:31:15.969179,BR,free,639.66,35
70,2026-01-01 21:31:15.969179,DE,free,395.98,35
71,2026-02-09 21:31:15.969179,US,free,365.52,36
72,2026-03-04 21:31:15.969179,BR,free,365.52,27
73,2026-01-02 21:31:15.969179,BR,free,578.74,31
74,2026-03-19 21:31:15.969179,UK,free,426.44,30
75,2026-01-23 21:31:15.969179,US,premium,487.36,33
76,2026-02-01 21:31:15.969179,US,free,548.28,25
77,2026-02-26 21:31:15.969179,US,free,426.44,35
78,2026-02-13 21:31:15.969179,BR,free,243.68,31
79,2026-01-26 21:31:15.969179,BR,free,426.44,16
80,2026-02-14 21:31:15.969179,BR,premium,304.6,32
81,2026-03-01 21:31:15.969179,UK,premium,335.06,23
82,2026-01-23 21:31:15.969179,US,free,578.74,38
83,2025-12-30 21:31:15.969179,BR,free,335.06,39
84,2026-03-05 21:31:15.969179,BR,premium,426.44,31
85,2026-03-01 21:31:15.969179,BR,premium,335.06,27
86,2026-01-22 21:31:15.969179,BR,free,517.82,26
87,2026-02-14 21:31:15.969179,US,free,487.36,28
88,2026-03-02 21:31:15.969179,US,free,517.82,35
89,2026-01-18 21:31:15.969179,UK,premium,304.6,32
90,2026-01-04 21:31:15.969179,BR,free,517.82,35
91,2026-03-19 21:31:15.969179,BR,premium,365.52,29
92,2026-02-27 21:31:15.969179,US,free,335.06,29
93,2026-01-05 21:31:15.969179,US,free,731.04,24
94,2026-01-28 21:31:15.969179,BR,free,243.68,32
95,2026-01-04 21:31:15.969179,US,free,395.98,31
96,2026-01-06 21:31:15.969179,BR,free,456.90000000000003,27
97,2026-01-19 21:31:15.969179,BR,free,365.52,32
98,2026-02-25 21:31:15.969179,BR,free,243.68,30
99,2026-03-13 21:31:15.969179,BR,premium,395.98,32
100,2026-01-16 21:31:15.969179,BR,free,243.68,25
101,2026-03-06 21:31:15.969179,BR,free,578.74,30
102,2026-02-12 21:31:15.969179,US,premium,335.06,36
103,2026-01-03 21:31:15.969179,BR,premium,335.06,25
104,2026-03-13 21:31:15.969179,BR,premium,639.66,22
105,2026-03-15 21:31:15.969179,DE,premium,548.28,29
106,2026-01-23 21:31:15.969179,BR,free,517.82,21
107,2026-03-04 21:31:15.969179,BR,free,335.06,43
108,2026-03-25 21:31:15.969179,US,premium,274.14,32
109,2026-03-17 21:31:15.969179,BR,free,609.2,38
110,2026-01-09 21:31:15.969179,BR,free,304.6,27
111,2026-03-11 21:31:15.969179,BR,premium,517.82,30
112,2026-03-16 21:31:15.969179,BR,free,670.12,27
113,2026-02-21 21:31:15.969179,DE,free,426.44,41
114,2026-02-22 21:31:15.969179,UK,free,487.36,30
115,2026-01-22 21:31:15.969179,US,free,517.82,30
116,2026-03-20 21:31:15.969179,UK,free,335.06,36
117,2026-01-10 21:31:15.969179,UK,free,335.06,29
118,2026-03-09 21:31:15.969179,BR,premium,548.28,31
119,2026-01-20 21:31:15.969179,UK,free,243.68,31
120,2025-12-29 21:31:15.969179,BR,free,365.52,35
121,2026-01-30 21:31:15.969179,UK,premium,365.52,30
122,2026-01-14 21:31:15.969179,UK,premium,426.44,26
123,2026-01-27 21:31:15.969179,BR,premium,426.44,35
124,2026-02-07 21:31:15.969179,BR,premium,243.68,32
125,2026-03-10 21:31:15.969179,BR,free,517.82,17
126,2026-02-27 21:31:15.969179,BR,free,365.52,37
127,2026-02-13 21:31:15.969179,UK,free,365.52,17
128,2026-03-22 21:31:15.969179,UK,free,548.28,19
129,2026-03-21 21:31:15.969179,BR,free,456.90000000000003,21
130,2026-03-16 21:31:15.969179,BR,free,487.36,37
131,2026-01-18 21:31:15.969179,BR,premium,335.06,35
132,2025-12-30 21:31:15.969179,BR,free,578.74,34
133,2026-02-27 21:31:15.969179,BR,free,395.98,35
134,2026-03-11 21:31:15.969179,BR,free,365.52,29
135,2026-01-29 21:31:15.969179,DE,free,335.06,27
136,2026-01-26 21:31:15.969179,BR,free,213.22,26
137,2026-01-25 21:31:15.969179,BR,premium,335.06,23
138,2026-01-30 21:31:15.969179,US,free,426.44,30
139,2026-02-02 21:31:15.969179,BR,free,456.90000000000003,26
140,2026-02-13 21:31:15.969179,DE,free,274.14,31
141,2026-01-28 21:31:15.969179,DE,premium,548.28,35
142,2026-01-11 21:31:15.969179,BR,free,243.68,26
143,2026-01-16 21:31:15.969179,BR,free,304.6,28
144,2026-01-08 21:31:15.969179,BR,free,548.28,32
145,2026-03-20 21:31:15.969179,BR,free,243.68,26
146,2026-01-10 21:31:15.969179,BR,premium,426.44,34
147,2026-01-17 21:31:15.969179,US,premium,487.36,36
148,2026-03-25 21:31:15.969179,BR,free,213.22,32
149,2026-01-30 21:31:15.969179,BR,premium,426.44,45
150,2026-03-11 21:31:15.969179,BR,premium,304.6,29
151,2026-01-18 21:31:15.969179,DE,premium,152.3,30
152,2026-01-26 21:31:15.969179,BR,premium,304.6,32
153,2026-03-17 21:31:15.969179,BR,free,274.14,34
154,2026-01-30 21:31:15.969179,BR,free,578.74,37
155,2026-02-24 21:31:15.969179,DE,free,426.44,30
156,2026-01-27 21:31:15.969179,BR,premium,517.82,34
157,2026-01-24 21:31:15.969179,US,free,274.14,28
158,2026-02-22 21:31:15.969179,US,premium,395.98,29
159,2026-02-19 21:31:15.969179,BR,premium,274.14,29
160,2026-01-09 21:31:15.969179,US,free,304.6,22
161,2026-01-18 21:31:15.969179,BR,premium,395.98,36
162,2026-01-14 21:31:15.969179,US,free,517.82,30
163,2026-01-27 21:31:15.969179,US,free,365.52,31
164,2026-03-04 21:31:15.969179,BR,premium,548.28,28
165,2026-01-17 21:31:15.969179,BR,free,487.36,23
166,2026-01-21 21:31:15.969179,UK,premium,609.2,29
167,2026-03-24 21:31:15.969179,BR,premium,335.06,31
168,2026-03-23 21:31:15.969179,BR,free,426.44,30
169,2026-01-05 21:31:15.969179,BR,free,304.6,28
170,2026-01-12 21:31:15.969179,BR,free,335.06,37
171,2026-03-21 21:31:15.969179,US,free,578.74,36
172,2026-02-17 21:31:15.969179,BR,premium,426.44,27
173,2026-02-07 21:31:15.969179,BR,free,426.44,32
174,2026-01-09 21:31:15.969179,BR,free,243.68,28
175,2026-02-28 21:31:15.969179,US,free,487.36,29
176,2026-02-24 21:31:15.969179,BR,free,395.98,24
177,2026-01-30 21:31:15.969179,US,premium,426.44,28
178,2025-12-28 21:31:15.969179,BR,free,426.44,25
179,2026-03-13 21:31:15.969179,DE,premium,456.90000000000003,29
180,2026-03-21 21:31:15.969179,BR,free,517.82,37
181,2026-01-04 21:31:15.969179,BR,premium,548.28,35
182,2026-03-17 21:31:15.969179,BR,free,365.52,28
183,2026-02-11 21:31:15.969179,DE,free,365.52,43
184,2026-03-04 21:31:15.969179,UK,premium,426.44,35
185,2026-03-10 21:31:15.969179,BR,free,243.68,34
186,2026-02-15 21:31:15.969179,US,premium,395.98,33
187,2026-02-08 21:31:15.969179,UK,free,487.36,29
188,2026-03-11 21:31:15.969179,BR,free,609.2,28
189,2026-01-09 21:31:15.969179,BR,free,456.90000000000003,36
190,2026-02-26 21:31:15.969179,BR,premium,304.6,23
191,2026-01-07 21:31:15.969179,BR,free,517.82,28
192,2026-01-08 21:31:15.969179,UK,free,487.36,36
193,2026-01-06 21:31:15.969179,DE,free,426.44,32
194,2026-02-12 21:31:15.969179,US,free,365.52,25
195,2026-02-15 21:31:15.969179,BR,free,426.44,31
196,2026-03-14 21:31:15.969179,BR,premium,487.36,18
197,2026-03-04 21:31:15.969179,US,premium,335.06,26
198,2026-01-16 21:31:15.969179,UK,premium,365.52,24
199,2026-01-02 21:31:15.969179,UK,premium,365.52,39
200,2026-02-22 21:31:15.969179,US,free,395.98,29
201,2026-01-22 21:31:15.969179,US,premium,487.36,29
202,2026-03-10 21:31:15.969179,BR,free,365.52,25
203,2025-12-29 21:31:15.969179,BR,free,304.6,30
204,2026-02-26 21:31:15.969179,UK,free,517.82,33
205,2026-03-21 21:31:15.969179,US,free,395.98,27
206,2026-02-09 21:31:15.969179,BR,premium,304.6,24
207,2026-03-05 21:31:15.969179,BR,free,456.90000000000003,32
208,2026-02-19 21:31:15.969179,US,free,517.82,34
209,2026-02-01 21:31:15.969179,BR,free,517.82,33
210,2026-03-11 21:31:15.969179,BR,premium,639.66,33
211,2026-03-26 21:31:15.969179,BR,free,456.90000000000003,39
212,2026-01-18 21:31:15.969179,US,free,426.44,35
213,2026-03-04 21:31:15.969179,US,free,426.44,25
214,2026-03-02 21:31:15.969179,BR,premium,609.2,41
215,2026-01-10 21:31:15.969179,US,free,487.36,36
216,2026-02-10 21:31:15.969179,BR,free,426.44,33
217,2026-02-07 21:31:15.969179,BR,free,395.98,34
218,2026-01-10 21:31:15.969179,US,free,517.82,34
219,2026-01-09 21:31:15.969179,US,free,304.6,32
220,2025-12-30 21:31:15.969179,UK,free,365.52,27
221,2026-03-16 21:31:15.969179,US,premium,609.2,26
222,2026-03-26 21:31:15.969179,BR,free,365.52,40
223,2026-02-11 21:31:15.969179,BR,free,152.3,39
224,2026-02-25 21:31:15.969179,BR,premium,274.14,29
225,2026-02-23 21:31:15.969179,BR,free,304.6,37
226,2026-01-08 21:31:15.969179,BR,free,517.82,30
227,2026-01-14 21:31:15.969179,DE,free,395.98,32
228,2026-02-11 21:31:15.969179,BR,free,395.98,42
229,2026-01-06 21:31:15.969179,UK,premium,517.82,32
230,2026-03-22 21:31:15.969179,US,free,426.44,29
231,2026-03-01 21:31:15.969179,US,premium,304.6,31
232,2026-01-07 21:31:15.969179,BR,free,487.36,30
233,2026-01-20 21:31:15.969179,BR,free,456.90000000000003,33
234,2026-01-10 21:31:15.969179,BR,free,395.98,34
235,2026-02-02 21:31:15.969179,BR,free,517.82,29
236,2026-03-07 21:31:15.969179,US,free,517.82,39
237,2026-01-26 21:31:15.969179,BR,premium,609.2,29
238,2026-02-10 21:31:15.969179,BR,free,304.6,28
239,2026-03-21 21:31:15.969179,US,premium,395.98,19
240,2026-03-05 21:31:15.969179,BR,free,243.68,36
241,2026-01-01 21:31:15.969179,DE,premium,243.68,27
242,2025-12-28 21:31:15.969179,DE,premium,243.68,30
243,2026-03-24 21:31:15.969179,DE,premium,335.06,26
244,2026-02-22 21:31:15.969179,BR,premium,213.22,22
245,2026-01-16 21:31:15.969179,BR,premium,365.52,37
246,2026-01-02 21:31:15.969179,DE,free,517.82,35
247,2026-01-21 21:31:15.969179,BR,free,395.98,37
248,2026-02-08 21:31:15.969179,DE,free,395.98,27
249,2026-01-14 21:31:15.969179,DE,premium,365.52,21
250,2026-02-24 21:31:15.969179,UK,free,335.06,31
251,2026-03-25 21:31:15.969179,BR,premium,304.6,26
252,2026-03-16 21:31:15.969179,BR,free,243.68,25
253,2026-01-28 21:31:15.969179,UK,free,639.66,28
254,2026-02-28 21:31:15.969179,BR,free,365.52,29
255,2026-02-15 21:31:15.969179,BR,free,639.66,27
256,2026-03-06 21:31:15.969179,BR,free,335.06,41
257,2026-02-08 21:31:15.969179,DE,free,426.44,30
258,2026-01-08 21:31:15.969179,US,free,365.52,40
259,2026-01-04 21:31:15.969179,BR,free,426.44,27
260,2026-01-06 21:31:15.969179,BR,free,578.74,28
261,2026-01-12 21:31:15.969179,US,free,304.6,34
262,2026-03-24 21:31:15.969179,DE,premium,304.6,20
263,2026-01-01 21:31:15.969179,BR,free,274.14,33
264,2026-03-23 21:31:15.969179,BR,free,304.6,26
265,2026-01-11 21:31:15.969179,UK,free,548.28,36
266,2026-01-31 21:31:15.969179,US,free,456.90000000000003,33
267,2026-02-28 21:31:15.969179,US,free,304.6,31
268,2026-02-19 21:31:15.969179,US,free,609.2,25
269,2026-02-03 21:31:15.969179,BR,free,487.36,25
270,2026-01-10 21:31:15.969179,BR,free,426.44,31
271,2026-01-25 21:31:15.969179,UK,free,609.2,22
272,2026-02-05 21:31:15.969179,UK,premium,304.6,34
273,2026-01-18 21:31:15.969179,UK,premium,761.5,37
274,2026-01-05 21:31:15.969179,DE,free,365.52,26
275,2026-02-10 21:31:15.969179,BR,free,395.98,31
276,2025-12-28 21:31:15.969179,BR,free,517.82,33
277,2026-03-04 21:31:15.969179,US,free,548.28,30
278,2026-03-13 21:31:15.969179,US,premium,517.82,39
279,2026-03-12 21:31:15.969179,US,free,426.44,37
280,2025-12-29 21:31:15.969179,US,free,365.52,35
281,2026-03-05 21:31:15.969179,UK,free,304.6,24
282,2026-01-22 21:31:15.969179,BR,premium,395.98,22
283,2026-01-03 21:31:15.969179,BR,free,578.74,24
284,2026-01-07 21:31:15.969179,BR,free,335.06,39
285,2026-01-05 21:31:15.969179,BR,free,335.06,28
286,2026-02-26 21:31:15.969179,BR,free,335.06,35
287,2026-01-12 21:31:15.969179,BR,free,213.22,30
288,2026-02-28 21:31:15.969179,BR,free,395.98,30
289,2026-03-17 21:31:15.969179,BR,free,578.74,43
290,2026-01-31 21:31:15.969179,BR,free,365.52,31
291,2026-03-03 21:31:15.969179,BR,free,274.14,30
292,2026-03-26 21:31:15.969179,BR,free,365.52,36
293,2026-03-05 21:31:15.969179,UK,free,548.28,30
294,2026-03-27 21:31:15.969179,BR,free,517.82,34
295,2025-12-30 21:31:15.969179,BR,premium,243.68,28
296,2026-03-22 21:31:15.969179,BR,free,517.82,30
297,2026-01-30 21:31:15.969179,US,free,335.06,32
298,2026-01-10 21:31:15.969179,BR,free,243.68,29
299,2026-02-01 21:31:15.969179,US,free,395.98,26
300,2026-03-10 21:31:15.969179,BR,premium,304.6,29
301,2026-01-26 21:31:15.969179,BR,free,243.68,39
302,2026-01-16 21:31:15.969179,BR,premium,365.52,31
303,2025-12-30 21:31:15.969179,BR,free,517.82,32
304,2026-01-19 21:31:15.969179,US,free,517.82,39
305,2026-01-13 21:31:15.969179,US,premium,213.22,31
306,2026-03-28 21:31:15.969179,DE,premium,426.44,26
307,2026-01-15 21:31:15.969179,BR,premium,517.82,29
308,2026-01-22 21:31:15.969179,BR,premium,365.52,34
309,2026-02-25 21:31:15.969179,US,free,395.98,35
310,2026-02-07 21:31:15.969179,BR,premium,304.6,35
311,2026-02-01 21:31:15.969179,BR,free,578.74,24
312,2026-01-20 21:31:15.969179,BR,premium,121.84,31
313,2026-01-08 21:31:15.969179,BR,free,487.36,32
314,2026-02-25 21:31:15.969179,DE,premium,487.36,29
315,2025-12-29 21:31:15.969179,UK,free,335.06,48
316,2026-02-07 21:31:15.969179,US,free,213.22,22
317,2026-03-02 21:31:15.969179,BR,free,517.82,30
318,2026-01-08 21:31:15.969179,BR,premium,578.74,24
319,2026-02-15 21:31:15.969179,BR,free,274.14,27
320,2026-01-30 21:31:15.969179,BR,free,426.44,37
321,2026-02-06 21:31:15.969179,BR,free,335.06,35
322,2026-01-12 21:31:15.969179,US,free,243.68,30
323,2026-01-28 21:31:15.969179,US,premium,243.68,28
324,2026-02-13 21:31:15.969179,BR,free,456.90000000000003,36
325,2026-03-23 21:31:15.969179,DE,premium,578.74,26
326,2026-01-24 21:31:15.969179,US,free,456.90000000000003,26
327,2026-03-03 21:31:15.969179,BR,free,578.74,30
328,2026-01-04 21:31:15.969179,US,premium,304.6,29
329,2026-02-11 21:31:15.969179,BR,free,365.52,31
330,2026-03-13 21:31:15.969179,BR,free,456.90000000000003,42
331,2026-01-08 21:31:15.969179,BR,free,487.36,35
332,2026-03-12 21:31:15.969179,US,premium,395.98,31
333,2025-12-30 21:31:15.969179,BR,free,578.74,24
334,2026-01-03 21:31:15.969179,BR,premium,426.44,34
335,2026-02-02 21:31:15.969179,BR,premium,335.06,35
336,2026-02-18 21:31:15.969179,BR,free,578.74,36
337,2025-12-28 21:31:15.969179,UK,free,456.90000000000003,30
338,2026-01-18 21:31:15.969179,US,free,426.44,29
339,2026-01-04 21:31:15.969179,BR,free,395.98,30
340,2026-02-06 21:31:15.969179,BR,free,304.6,34
341,2026-03-20 21:31:15.969179,BR,free,365.52,25
342,2026-02-08 21:31:15.969179,BR,free,426.44,37
343,2026-02-18 21:31:15.969179,BR,premium,578.74,26
344,2026-03-19 21:31:15.969179,BR,premium,365.52,40
345,2026-03-09 21:31:15.969179,BR,premium,456.90000000000003,33
346,2026-02-27 21:31:15.969179,US,free,121.84,36
347,2026-02-20 21:31:15.969179,US,free,213.22,25
348,2026-03-22 21:31:15.969179,BR,free,395.98,31
349,2026-03-03 21:31:15.969179,BR,premium,395.98,26
350,2026-02-24 21:31:15.969179,US,free,243.68,26
351,2026-01-03 21:31:15.969179,BR,premium,304.6,31
352,2026-01-23 21:31:15.969179,UK,free,274.14,21
353,2026-02-15 21:31:15.969179,US,free,426.44,27
354,2026-02-20 21:31:15.969179,BR,premium,335.06,27
355,2026-01-12 21:31:15.969179,BR,free,548.28,30
356,2026-03-28 21:31:15.969179,US,premium,487.36,38
357,2026-02-11 21:31:15.969179,BR,premium,487.36,34
358,2026-01-07 21:31:15.969179,BR,free,304.6,33
359,2025-12-29 21:31:15.969179,DE,free,395.98,29
360,2026-02-02 21:31:15.969179,BR,free,335.06,38
361,2026-03-17 21:31:15.969179,BR,premium,243.68,31
362,2026-02-15 21:31:15.969179,US,free,365.52,34
363,2026-03-25 21:31:15.969179,BR,free,395.98,20
364,2026-02-24 21:31:15.969179,BR,free,456.90000000000003,37
365,2026-02-09 21:31:15.969179,DE,premium,517.82,39
366,2026-03-19 21:31:15.969179,BR,free,426.44,33
367,2026-02-11 21:31:15.969179,DE,premium,548.28,29
368,2025-12-31 21:31:15.969179,DE,premium,609.2,32
369,2026-03-16 21:31:15.969179,BR,free,517.82,46
370,2026-02-25 21:31:15.969179,BR,free,243.68,32
371,2026-03-15 21:31:15.969179,BR,premium,487.36,27
372,2026-03-13 21:31:15.969179,BR,free,365.52,32
373,2026-03-09 21:31:15.969179,BR,premium,426.44,22
374,2026-02-05 21:31:15.969179,US,free,152.3,36
375,2025-12-30 21:31:15.969179,BR,free,456.90000000000003,20
376,2026-03-13 21:31:15.969179,BR,premium,609.2,43
377,2026-01-01 21:31:15.969179,UK,free,365.52,37
378,2025-12-31 21:31:15.969179,BR,free,426.44,24
379,2026-03-26 21:31:15.969179,UK,free,517.82,31
380,2026-02-18 21:31:15.969179,BR,free,456.90000000000003,25
381,2026-02-27 21:31:15.969179,BR,free,578.74,28
382,2026-03-04 21:31:15.969179,US,free,609.2,27
383,2026-03-25 21:31:15.969179,US,premium,487.36,29
384,2026-01-31 21:31:15.969179,UK,free,487.36,33
385,2026-02-03 21:31:15.969179,US,free,243.68,33
386,2026-02-07 21:31:15.969179,UK,free,274.14,33
387,2026-02-15 21:31:15.969179,BR,premium,670.12,36
388,2026-03-17 21:31:15.969179,BR,free,335.06,34
389,2026-03-06 21:31:15.969179,US,premium,456.90000000000003,24
390,2026-03-25 21:31:15.969179,UK,free,487.36,37
391,2026-03-01 21:31:15.969179,DE,free,395.98,27
392,2026-02-02 21:31:15.969179,BR,free,304.6,29
393,2026-02-02 21:31:15.969179,BR,free,426.44,29
394,2026-01-21 21:31:15.969179,US,free,365.52,32
395,2026-03-27 21:31:15.969179,BR,free,304.6,30
396,2026-01-01 21:31:15.969179,DE,premium,548.28,33
397,2026-03-28 21:31:15.969179,UK,free,304.6,27
398,2026-02-22 21:31:15.969179,BR,free,365.52,29
399,2026-02-01 21:31:15.969179,US,free,335.06,30
400,2026-03-09 21:31:15.969179,US,premium,274.14,32
401,2026-02-20 21:31:15.969179,BR,free,487.36,33
402,2025-12-29 21:31:15.969179,DE,free,335.06,32
403,2026-01-18 21:31:15.969179,BR,free,426.44,33
404,2026-01-03 21:31:15.969179,UK,premium,335.06,26
405,2026-02-24 21:31:15.969179,BR,free,395.98,36
406,2026-03-05 21:31:15.969179,UK,free,243.68,34
407,2026-01-05 21:31:15.969179,BR,premium,335.06,27
408,2026-03-04 21:31:15.969179,BR,premium,243.68,35
409,2026-03-16 21:31:15.969179,DE,free,456.90000000000003,34
410,2026-01-17 21:31:15.969179,BR,premium,365.52,30
411,2026-01-07 21:31:15.969179,BR,free,213.22,22
412,2026-01-15 21:31:15.969179,DE,free,578.74,45
413,2026-01-12 21:31:15.969179,DE,free,365.52,31
414,2026-01-17 21:31:15.969179,BR,free,304.6,31
415,2026-03-20 21:31:15.969179,US,free,517.82,19
416,2026-02-18 21:31:15.969179,BR,premium,548.28,36
417,2026-03-19 21:31:15.969179,BR,free,487.36,40
418,2026-03-24 21:31:15.969179,BR,free,213.22,31
419,2026-01-29 21:31:15.969179,US,free,395.98,31
420,2026-01-27 21:31:15.969179,US,premium,548.28,21
421,2026-01-15 21:31:15.969179,US,free,517.82,33
422,2026-01-29 21:31:15.969179,US,free,426.44,36
423,2026-02-01 21:31:15.969179,BR,free,365.52,34
424,2026-02-20 21:31:15.969179,BR,free,395.98,27
425,2026-01-17 21:31:15.969179,BR,premium,426.44,22
426,2026-02-14 21:31:15.969179,BR,premium,487.36,24
427,2026-01-21 21:31:15.969179,BR,free,517.82,31
428,2026-03-11 21:31:15.969179,UK,premium,426.44,39
429,2026-03-20 21:31:15.969179,BR,free,426.44,31
430,2026-01-16 21:31:15.969179,BR,premium,121.84,30
431,2026-03-14 21:31:15.969179,BR,free,395.98,29
432,2026-03-07 21:31:15.969179,US,free,365.52,25
433,2026-03-06 21:31:15.969179,US,free,426.44,39
434,2026-01-11 21:31:15.969179,BR,free,578.74,35
435,2026-01-08 21:31:15.969179,BR,free,395.98,30
436,2026-01-24 21:31:15.969179,US,free,335.06,26
437,2026-01-22 21:31:15.969179,BR,free,274.14,40
438,2025-12-29 21:31:15.969179,UK,premium,517.82,30
439,2026-01-17 21:31:15.969179,US,free,700.58,35
440,2026-03-23 21:31:15.969179,BR,free,365.52,38
441,2026-01-16 21:31:15.969179,BR,premium,487.36,33
442,2026-03-10 21:31:15.969179,DE,free,456.90000000000003,32
443,2026-02-12 21:31:15.969179,BR,free,609.2,19
444,2026-02-21 21:31:15.969179,BR,free,426.44,21
445,2026-02-16 21:31:15.969179,UK,premium,517.82,29
446,2026-01-06 21:31:15.969179,DE,free,609.2,29
447,2025-12-29 21:31:15.969179,DE,free,456.90000000000003,25
448,2026-02-22 21:31:15.969179,US,premium,304.6,23
449,2026-03-07 21:31:15.969179,BR,premium,335.06,26
450,2026-03-28 21:31:15.969179,BR,free,456.90000000000003,28
451,2026-03-18 21:31:15.969179,US,free,304.6,23
452,2026-02-12 21:31:15.969179,BR,free,426.44,33
453,2026-01-08 21:31:15.969179,BR,premium,395.98,36
454,2026-03-05 21:31:15.969179,DE,free,365.52,23
455,2026-03-27 21:31:15.969179,BR,free,456.90000000000003,26
456,2026-03-22 21:31:15.969179,BR,premium,456.90000000000003,27
457,2026-02-07 21:31:15.969179,BR,free,426.44,25
458,2026-02-08 21:31:15.969179,BR,free,304.6,35
459,2026-02-16 21:31:15.969179,BR,free,365.52,34
460,2026-01-12 21:31:15.969179,BR,free,335.06,23
461,2026-01-23 21:31:15.969179,BR,free,304.6,28
462,2025-12-29 21:31:15.969179,US,free,426.44,31
463,2026-03-07 21:31:15.969179,US,free,426.44,27
464,2026-01-26 21:31:15.969179,BR,free,731.04,26
465,2026-01-06 21:31:15.969179,DE,premium,365.52,27
466,2026-03-18 21:31:15.969179,BR,free,365.52,39
467,2026-01-07 21:31:15.969179,BR,premium,487.36,29
468,2026-01-31 21:31:15.969179,UK,free,456.90000000000003,32
469,2026-01-27 21:31:15.969179,BR,premium,243.68,24
470,2026-03-22 21:31:15.969179,DE,premium,243.68,28
471,2026-01-03 21:31:15.969179,BR,free,639.66,31
472,2026-03-26 21:31:15.969179,DE,premium,395.98,29
473,2026-02-23 21:31:15.969179,BR,premium,304.6,26
474,2026-01-08 21:31:15.969179,UK,free,517.82,27
475,2026-01-12 21:31:15.969179,BR,free,395.98,34
476,2026-02-25 21:31:15.969179,DE,free,487.36,28
477,2026-03-03 21:31:15.969179,BR,premium,456.90000000000003,27
478,2026-03-02 21:31:15.969179,BR,premium,365.52,26
479,2026-02-19 21:31:15.969179,DE,premium,426.44,29
480,2026-02-25 21:31:15.969179,BR,free,517.82,39
481,2026-02-22 21:31:15.969179,US,premium,395.98,24
482,2026-03-22 21:31:15.969179,US,free,456.90000000000003,25
483,2026-02-06 21:31:15.969179,BR,free,426.44,20
484,2026-02-24 21:31:15.969179,US,free,335.06,26
485,2026-01-09 21:31:15.969179,BR,free,426.44,28
486,2026-01-11 21:31:15.969179,DE,free,426.44,27
487,2026-02-24 21:31:15.969179,BR,free,395.98,31
488,2026-03-16 21:31:15.969179,BR,free,274.14,29
489,2026-03-09 21:31:15.969179,DE,free,335.06,30
490,2025-12-28 21:31:15.969179,UK,free,487.36,28
491,2026-01-30 21:31:15.969179,BR,free,304.6,30
492,2026-02-02 21:31:15.969179,US,free,517.82,18
493,2026-02-11 21:31:15.969179,BR,free,335.06,21
494,2026-02-04 21:31:15.969179,BR,free,487.36,25
495,2026-03-20 21:31:15.969179,BR,free,335.06,22
496,2026-03-18 21:31:15.969179,BR,free,395.98,28
497,2026-01-22 21:31:15.969179,BR,free,274.14,25
498,2026-01-06 21:31:15.969179,BR,free,395.98,34
499,2026-01-12 21:31:15.969179,DE,free,365.52,27
500,2026-02-28 21:31:15.969179,DE,premium,304.6,31
501,2026-02-15 21:31:15.969179,US,free,304.6,24
502,2026-02-24 21:31:15.969179,BR,free,670.12,33
503,2026-02-23 21:31:15.969179,BR,free,700.58,29
504,2026-02-18 21:31:15.969179,UK,free,365.52,35
505,2026-02-08 21:31:15.969179,US,free,304.6,43
506,2026-03-24 21:31:15.969179,BR,free,335.06,35
507,2026-03-18 21:31:15.969179,DE,free,243.68,30
508,2026-01-31 21:31:15.969179,UK,free,456.90000000000003,26
509,2026-01-01 21:31:15.969179,DE,free,456.90000000000003,22
510,2026-03-16 21:31:15.969179,US,premium,213.22,34
511,2026-03-14 21:31:15.969179,US,premium,456.90000000000003,25
512,2026-01-08 21:31:15.969179,BR,premium,304.6,30
513,2026-03-16 21:31:15.969179,DE,premium,304.6,31
514,2026-02-01 21:31:15.969179,UK,free,517.82,36
515,2026-03-22 21:31:15.969179,BR,free,213.22,31
516,2026-02-24 21:31:15.969179,BR,free,365.52,21
517,2026-01-06 21:31:15.969179,BR,free,426.44,36
518,2026-02-13 21:31:15.969179,UK,premium,365.52,27
519,2026-02-06 21:31:15.969179,DE,free,365.52,40
520,2026-01-31 21:31:15.969179,BR,premium,578.74,21
521,2026-01-07 21:31:15.969179,BR,free,487.36,33
522,2026-02-23 21:31:15.969179,BR,premium,609.2,37
523,2026-03-07 21:31:15.969179,DE,free,426.44,32
524,2026-02-18 21:31:15.969179,UK,free,304.6,30
525,2026-03-03 21:31:15.969179,UK,free,426.44,26
526,2026-03-17 21:31:15.969179,BR,free,274.14,25
527,2026-03-15 21:31:15.969179,BR,free,395.98,29
528,2026-03-04 21:31:15.969179,BR,free,578.74,24
529,2026-01-29 21:31:15.969179,BR,premium,395.98,28
530,2026-01-28 21:31:15.969179,UK,free,548.28,44
531,2026-03-10 21:31:15.969179,UK,free,335.06,26
532,2026-01-13 21:31:15.969179,DE,free,395.98,34
533,2026-01-15 21:31:15.969179,DE,premium,639.66,32
534,2026-03-17 21:31:15.969179,BR,free,395.98,34
535,2026-02-08 21:31:15.969179,US,free,304.6,19
536,2026-03-13 21:31:15.969179,DE,free,456.90000000000003,29
537,2026-01-10 21:31:15.969179,UK,free,456.90000000000003,31
538,2026-01-22 21:31:15.969179,BR,free,548.28,30
539,2026-01-05 21:31:15.969179,BR,free,182.76,26
540,2026-02-25 21:31:15.969179,BR,free,578.74,24
541,2026-03-03 21:31:15.969179,DE,premium,639.66,21
542,2026-01-31 21:31:15.969179,US,free,487.36,36
543,2026-03-07 21:31:15.969179,BR,free,395.98,30
544,2026-02-25 21:31:15.969179,US,free,395.98,31
545,2026-01-17 21:31:15.969179,US,premium,304.6,27
546,2026-01-25 21:31:15.969179,BR,free,517.82,35
547,2026-03-24 21:31:15.969179,BR,premium,517.82,24
548,2026-03-08 21:31:15.969179,US,free,274.14,30
549,2026-02-28 21:31:15.969179,BR,free,487.36,32
550,2026-01-17 21:31:15.969179,US,free,517.82,26
551,2026-01-28 21:31:15.969179,BR,premium,578.74,32
552,2025-12-28 21:31:15.969179,UK,free,274.14,34
553,2026-01-25 21:31:15.969179,BR,premium,426.44,32
554,2025-12-29 21:31:15.969179,BR,premium,517.82,25
555,2026-02-09 21:31:15.969179,UK,free,456.90000000000003,38
556,2026-02-13 21:31:15.969179,BR,free,456.90000000000003,37
557,2026-03-12 21:31:15.969179,BR,free,426.44,29
558,2026-03-03 21:31:15.969179,BR,free,670.12,22
559,2026-01-19 21:31:15.969179,US,premium,609.2,26
560,2025-12-28 21:31:15.969179,US,premium,700.58,22
561,2026-02-04 21:31:15.969179,US,free,548.28,31
562,2026-01-05 21:31:15.969179,BR,free,304.6,25
563,2026-01-25 21:31:15.969179,BR,premium,426.44,26
564,2026-02-23 21:31:15.969179,BR,free,243.68,30
565,2025-12-29 21:31:15.969179,BR,premium,395.98,17
566,2026-01-28 21:31:15.969179,BR,free,517.82,29
567,2026-01-09 21:31:15.969179,BR,free,487.36,36
568,2026-01-18 21:31:15.969179,BR,free,487.36,32
569,2026-03-22 21:31:15.969179,DE,free,456.90000000000003,26
570,2026-01-17 21:31:15.969179,BR,free,395.98,30
571,2026-03-13 21:31:15.969179,BR,free,548.28,34
572,2026-01-06 21:31:15.969179,US,free,243.68,31
573,2026-02-08 21:31:15.969179,BR,premium,670.12,25
574,2026-03-23 21:31:15.969179,US,premium,517.82,26
575,2026-03-26 21:31:15.969179,UK,free,395.98,31
576,2025-12-28 21:31:15.969179,DE,free,335.06,36
577,2026-02-19 21:31:15.969179,BR,free,365.52,37
578,2026-01-21 21:31:15.969179,DE,free,304.6,31
579,2026-02-26 21:31:15.969179,BR,free,548.28,32
580,2026-01-12 21:31:15.969179,BR,free,365.52,24
581,2026-01-16 21:31:15.969179,BR,free,365.52,35
582,2025-12-29 21:31:15.969179,DE,free,548.28,28
583,2026-01-02 21:31:15.969179,BR,free,365.52,22
584,2026-01-21 21:31:15.969179,BR,free,548.28,28
585,2026-02-02 21:31:15.969179,US,premium,243.68,30
586,2026-01-26 21:31:15.969179,BR,free,487.36,26
587,2026-03-01 21:31:15.969179,BR,free,304.6,23
588,2026-02-07 21:31:15.969179,BR,free,456.90000000000003,39
589,2026-01-11 21:31:15.969179,BR,free,578.74,24
590,2026-01-20 21:31:15.969179,BR,premium,365.52,28
591,2026-01-01 21:31:15.969179,BR,free,335.06,29
592,2026-02-20 21:31:15.969179,US,premium,365.52,37
593,2025-12-28 21:31:15.969179,BR,free,335.06,29
594,2026-01-31 21:31:15.969179,BR,free,304.6,38
595,2026-03-22 21:31:15.969179,UK,premium,335.06,40
596,2026-02-01 21:31:15.969179,BR,free,548.28,28
597,2026-01-27 21:31:15.969179,US,free,365.52,29
598,2025-12-30 21:31:15.969179,BR,free,365.52,35
599,2026-03-28 21:31:15.969179,BR,free,578.74,26
600,2026-03-02 21:31:15.969179,BR,premium,335.06,25
601,2026-01-07 21:31:15.969179,BR,free,639.66,36
602,2026-01-29 21:31:15.969179,BR,free,426.44,32
603,2026-01-23 21:31:15.969179,BR,free,365.52,33
604,2026-01-29 21:31:15.969179,BR,free,517.82,34
605,2026-03-24 21:31:15.969179,BR,free,395.98,28
606,2026-01-14 21:31:15.969179,BR,free,731.04,37
607,2026-01-01 21:31:15.969179,BR,free,456.90000000000003,36
608,2026-02-27 21:31:15.969179,BR,premium,365.52,36
609,2026-01-31 21:31:15.969179,BR,free,213.22,27
610,2026-01-01 21:31:15.969179,US,free,487.36,35
611,2025-12-28 21:31:15.969179,BR,premium,365.52,24
612,2026-02-25 21:31:15.969179,US,free,548.28,38
613,2026-02-20 21:31:15.969179,US,free,365.52,29
614,2026-02-14 21:31:15.969179,BR,free,395.98,28
615,2026-02-26 21:31:15.969179,UK,free,426.44,29
616,2026-01-30 21:31:15.969179,DE,free,426.44,26
617,2026-01-07 21:31:15.969179,BR,premium,487.36,28
618,2026-01-10 21:31:15.969179,BR,free,578.74,38
619,2026-01-06 21:31:15.969179,UK,free,761.5,23
620,2026-01-20 21:31:15.969179,US,premium,639.66,31
621,2026-01-24 21:31:15.969179,BR,free,548.28,35
622,2026-03-07 21:31:15.969179,BR,free,456.90000000000003,27
623,2026-03-17 21:31:15.969179,BR,free,426.44,30
624,2026-03-11 21:31:15.969179,BR,premium,365.52,32
625,2026-03-09 21:31:15.969179,US,free,274.14,22
626,2026-02-08 21:31:15.969179,BR,free,426.44,25
627,2026-02-09 21:31:15.969179,BR,free,243.68,33
628,2026-02-02 21:31:15.969179,US,free,609.2,25
629,2026-03-14 21:31:15.969179,BR,free,335.06,24
630,2026-03-18 21:31:15.969179,BR,free,335.06,35
631,2026-01-19 21:31:15.969179,US,premium,274.14,26
632,2026-03-12 21:31:15.969179,UK,free,395.98,21
633,2026-01-08 21:31:15.969179,BR,free,304.6,34
634,2026-02-03 21:31:15.969179,BR,premium,335.06,19
635,2026-03-27 21:31:15.969179,BR,premium,365.52,32
636,2026-01-18 21:31:15.969179,BR,free,213.22,33
637,2026-03-05 21:31:15.969179,BR,free,578.74,24
638,2026-03-21 21:31:15.969179,BR,free,487.36,19
639,2026-02-08 21:31:15.969179,BR,premium,487.36,36
640,2026-03-13 21:31:15.969179,BR,premium,517.82,25
641,2026-01-05 21:31:15.969179,BR,free,243.68,34
642,2026-01-05 21:31:15.969179,BR,premium,243.68,21
643,2026-01-24 21:31:15.969179,BR,free,395.98,25
644,2026-02-20 21:31:15.969179,BR,free,304.6,23
645,2026-01-23 21:31:15.969179,BR,free,304.6,27
646,2026-02-14 21:31:15.969179,UK,premium,487.36,28
647,2026-02-13 21:31:15.969179,BR,free,456.90000000000003,28
648,2026-01-27 21:31:15.969179,US,premium,304.6,31
649,2026-02-13 21:31:15.969179,US,premium,426.44,32
650,2026-03-18 21:31:15.969179,BR,premium,456.90000000000003,17
651,2025-12-28 21:31:15.969179,BR,free,456.90000000000003,27
652,2025-12-30 21:31:15.969179,BR,free,335.06,27
653,2026-01-02 21:31:15.969179,BR,free,639.66,30
654,2026-01-19 21:31:15.969179,US,free,304.6,40
655,2026-03-03 21:31:15.969179,BR,free,395.98,34
656,2026-03-27 21:31:15.969179,BR,premium,304.6,31
657,2026-01-17 21:31:15.969179,BR,free,487.36,35
658,2026-01-02 21:31:15.969179,BR,free,609.2,29
659,2026-02-20 21:31:15.969179,US,free,395.98,31
660,2026-01-13 21:31:15.969179,BR,free,335.06,38
661,2026-02-28 21:31:15.969179,BR,free,487.36,36
662,2026-01-14 21:31:15.969179,DE,free,548.28,22
663,2026-03-20 21:31:15.969179,US,premium,487.36,27
664,2026-02-26 21:31:15.969179,BR,free,517.82,23
665,2026-02-17 21:31:15.969179,BR,premium,274.14,35
666,2026-01-13 21:31:15.969179,BR,premium,548.28,30
667,2026-03-05 21:31:15.969179,BR,free,274.14,28
668,2026-03-22 21:31:15.969179,BR,premium,578.74,30
669,2026-03-05 21:31:15.969179,BR,free,213.22,29
670,2026-03-03 21:31:15.969179,BR,premium,335.06,28
671,2026-03-03 21:31:15.969179,BR,free,274.14,29
672,2026-01-13 21:31:15.969179,UK,premium,304.6,28
673,2026-01-05 21:31:15.969179,BR,premium,395.98,21
674,2026-01-18 21:31:15.969179,BR,premium,365.52,28
675,2026-02-06 21:31:15.969179,BR,premium,487.36,24
676,2026-03-14 21:31:15.969179,DE,free,395.98,31
677,2026-01-21 21:31:15.969179,BR,free,365.52,31
678,2026-01-08 21:31:15.969179,BR,free,395.98,31
679,2026-02-04 21:31:15.969179,DE,free,426.44,30
680,2026-03-22 21:31:15.969179,UK,free,578.74,28
681,2026-01-18 21:31:15.969179,UK,free,426.44,29
682,2026-03-17 21:31:15.969179,BR,premium,395.98,35
683,2026-03-27 21:31:15.969179,BR,free,335.06,31
684,2026-01-24 21:31:15.969179,US,premium,243.68,33
685,2026-01-31 21:31:15.969179,DE,free,426.44,40
686,2026-03-08 21:31:15.969179,BR,premium,335.06,22
687,2026-01-03 21:31:15.969179,BR,premium,517.82,28
688,2026-03-07 21:31:15.969179,BR,free,578.74,25
689,2026-03-05 21:31:15.969179,US,free,335.06,27
690,2026-02-14 21:31:15.969179,BR,premium,335.06,23
691,2026-01-31 21:31:15.969179,BR,free,395.98,32
692,2026-02-28 21:31:15.969179,BR,free,365.52,32
693,2026-02-25 21:31:15.969179,BR,free,487.36,24
694,2026-01-18 21:31:15.969179,BR,free,487.36,29
695,2026-02-28 21:31:15.969179,BR,free,395.98,21
696,2026-01-16 21:31:15.969179,US,free,395.98,31
697,2026-01-11 21:31:15.969179,BR,free,365.52,25
698,2026-01-20 21:31:15.969179,BR,free,517.82,36
699,2026-01-01 21:31:15.969179,BR,premium,548.28,22
700,2026-03-22 21:31:15.969179,BR,free,578.74,28
701,2026-02-24 21:31:15.969179,BR,premium,365.52,30
702,2026-03-01 21:31:15.969179,BR,free,487.36,28
703,2026-02-12 21:31:15.969179,BR,free,487.36,35
704,2026-02-20 21:31:15.969179,BR,free,426.44,28
705,2026-01-21 21:31:15.969179,BR,free,274.14,20
706,2026-02-16 21:31:15.969179,DE,free,395.98,28
707,2026-03-19 21:31:15.969179,BR,free,213.22,31
708,2026-03-27 21:31:15.969179,UK,free,395.98,22
709,2026-01-01 21:31:15.969179,BR,free,456.90000000000003,20
710,2026-02-01 21:31:15.969179,US,free,335.06,39
711,2026-03-06 21:31:15.969179,US,free,365.52,35
712,2026-02-14 21:31:15.969179,BR,free,395.98,33
713,2026-02-02 21:31:15.969179,BR,premium,395.98,26
714,2026-03-08 21:31:15.969179,BR,free,274.14,33
715,2026-02-26 21:31:15.969179,BR,free,426.44,25
716,2026-02-03 21:31:15.969179,DE,premium,426.44,32
717,2026-01-28 21:31:15.969179,UK,free,426.44,29
718,2025-12-31 21:31:15.969179,DE,free,426.44,28
719,2026-01-11 21:31:15.969179,BR,premium,304.6,34
720,2025-12-28 21:31:15.969179,US,free,578.74,25
721,2026-01-28 21:31:15.969179,DE,free,395.98,31
722,2026-01-01 21:31:15.969179,BR,free,426.44,19
723,2026-03-27 21:31:15.969179,BR,free,426.44,32
724,2026-02-13 21:31:15.969179,US,free,243.68,27
725,2026-03-14 21:31:15.969179,BR,free,243.68,50
726,2026-03-02 21:31:15.969179,UK,free,670.12,34
727,2026-01-22 21:31:15.969179,BR,free,395.98,39
728,2026-02-11 21:31:15.969179,US,premium,578.74,23
729,2026-03-05 21:31:15.969179,BR,premium,304.6,30
730,2026-03-01 21:31:15.969179,BR,free,487.36,29
731,2026-02-24 21:31:15.969179,BR,free,487.36,27
732,2026-01-25 21:31:15.969179,UK,free,548.28,26
733,2026-01-13 21:31:15.969179,US,free,274.14,27
734,2026-03-07 21:31:15.969179,BR,free,365.52,30
735,2026-02-22 21:31:15.969179,BR,free,517.82,22
736,2026-02-20 21:31:15.969179,UK,premium,304.6,33
737,2026-03-09 21:31:15.969179,BR,free,365.52,32
738,2026-01-05 21:31:15.969179,UK,free,426.44,28
739,2026-01-13 21:31:15.969179,BR,free,426.44,38
740,2026-02-12 21:31:15.969179,BR,free,304.6,26
741,2026-03-25 21:31:15.969179,BR,premium,243.68,22
742,2026-01-12 21:31:15.969179,BR,premium,182.76,37
743,2025-12-31 21:31:15.969179,US,premium,395.98,30
744,2026-02-01 21:31:15.969179,BR,free,274.14,41
745,2026-01-02 21:31:15.969179,BR,free,182.76,26
746,2026-01-14 21:31:15.969179,UK,free,456.90000000000003,25
747,2026-01-20 21:31:15.969179,BR,free,304.6,30
748,2025-12-30 21:31:15.969179,BR,free,274.14,23
749,2026-02-23 21:31:15.969179,DE,premium,426.44,34
750,2026-02-09 21:31:15.969179,US,free,274.14,46
751,2026-02-21 21:31:15.969179,BR,free,365.52,25
752,2026-02-15 21:31:15.969179,DE,free,395.98,32
753,2026-02-18 21:31:15.969179,US,free,365.52,32
754,2026-02-25 21:31:15.969179,BR,free,639.66,31
755,2026-01-25 21:31:15.969179,BR,premium,213.22,36
756,2026-02-09 21:31:15.969179,US,premium,426.44,36
757,2026-03-24 21:31:15.969179,US,premium,487.36,20
758,2026-03-21 21:31:15.969179,BR,free,578.74,40
759,2026-01-20 21:31:15.969179,UK,free,365.52,25
760,2026-02-11 21:31:15.969179,US,free,243.68,33
761,2026-03-01 21:31:15.969179,BR,free,517.82,32
762,2026-03-02 21:31:15.969179,BR,premium,517.82,48
763,2026-03-28 21:31:15.969179,BR,free,548.28,36
764,2026-03-18 21:31:15.969179,US,free,304.6,25
765,2026-02-12 21:31:15.969179,BR,free,304.6,35
766,2026-02-10 21:31:15.969179,BR,free,456.90000000000003,31
767,2026-03-11 21:31:15.969179,US,premium,243.68,37
768,2026-03-10 21:31:15.969179,UK,free,426.44,15
769,2026-03-03 21:31:15.969179,BR,free,335.06,22
770,2026-03-16 21:31:15.969179,UK,free,517.82,30
771,2026-02-10 21:31:15.969179,BR,free,395.98,27
772,2025-12-30 21:31:15.969179,UK,premium,395.98,34
773,2026-03-14 21:31:15.969179,BR,premium,152.3,33
774,2026-03-03 21:31:15.969179,BR,premium,304.6,25
775,2026-03-26 21:31:15.969179,US,premium,304.6,25
776,2026-01-05 21:31:15.969179,BR,free,426.44,29
777,2026-03-06 21:31:15.969179,BR,free,274.14,34
778,2026-01-13 21:31:15.969179,US,free,456.90000000000003,19
779,2026-02-09 21:31:15.969179,US,free,274.14,25
780,2026-03-03 21:31:15.969179,US,premium,365.52,35
781,2026-01-14 21:31:15.969179,US,free,304.6,27
782,2026-02-05 21:31:15.969179,BR,premium,304.6,31
783,2026-03-28 21:31:15.969179,BR,free,639.66,36
784,2026-01-08 21:31:15.969179,BR,free,395.98,26
785,2026-03-20 21:31:15.969179,BR,free,609.2,25
786,2026-01-07 21:31:15.969179,DE,premium,243.68,31
787,2025-12-29 21:31:15.969179,BR,free,548.28,34
788,2026-01-31 21:31:15.969179,BR,free,395.98,22
789,2026-01-24 21:31:15.969179,BR,free,274.14,36
790,2026-01-27 21:31:15.969179,DE,free,426.44,32
791,2026-01-18 21:31:15.969179,BR,free,609.2,29
792,2026-01-26 21:31:15.969179,BR,premium,456.90000000000003,31
793,2026-02-19 21:31:15.969179,BR,free,548.28,27
794,2025-12-29 21:31:15.969179,US,free,456.90000000000003,29
795,2026-02-02 21:31:15.969179,BR,free,395.98,33
796,2025-12-31 21:31:15.969179,UK,free,335.06,36
797,2026-02-28 21:31:15.969179,DE,premium,304.6,28
798,2026-03-01 21:31:15.969179,BR,free,548.28,32
799,2026-02-23 21:31:15.969179,US,free,578.74,28
800,2026-03-01 21:31:15.969179,DE,free,426.44,32
801,2026-02-03 21:31:15.969179,US,premium,395.98,27
802,2026-03-13 21:31:15.969179,BR,premium,426.44,26
803,2026-03-07 21:31:15.969179,BR,free,426.44,35
804,2026-03-25 21:31:15.969179,US,free,548.28,33
805,2026-02-26 21:31:15.969179,BR,free,426.44,29
806,2026-03-15 21:31:15.969179,US,premium,365.52,26
807,2026-03-04 21:31:15.969179,DE,free,365.52,36
808,2026-01-19 21:31:15.969179,DE,free,365.52,20
809,2026-01-19 21:31:15.969179,BR,free,365.52,32
810,2026-02-17 21:31:15.969179,BR,free,487.36,32
811,2026-01-25 21:31:15.969179,DE,free,335.06,24
812,2026-01-29 21:31:15.969179,UK,premium,335.06,35
813,2026-01-24 21:31:15.969179,BR,free,487.36,33
814,2026-03-04 21:31:15.969179,DE,free,335.06,25
815,2026-02-09 21:31:15.969179,UK,free,243.68,26
816,2026-01-19 21:31:15.969179,BR,premium,456.90000000000003,28
817,2026-02-09 21:31:15.969179,BR,free,426.44,25
818,2026-03-01 21:31:15.969179,BR,premium,274.14,34
819,2026-03-27 21:31:15.969179,BR,free,487.36,32
820,2026-01-01 21:31:15.969179,BR,free,578.74,20
821,2026-02-04 21:31:15.969179,UK,free,426.44,28
822,2026-03-02 21:31:15.969179,BR,free,548.28,26
823,2026-03-24 21:31:15.969179,BR,free,243.68,32
824,2026-01-26 21:31:15.969179,BR,premium,426.44,22
825,2026-01-07 21:31:15.969179,BR,free,731.04,30
826,2026-02-02 21:31:15.969179,DE,free,456.90000000000003,24
827,2025-12-30 21:31:15.969179,BR,free,274.14,29
828,2026-02-03 21:31:15.969179,BR,premium,426.44,36
829,2026-02-22 21:31:15.969179,US,premium,152.3,29
830,2026-02-01 21:31:15.969179,BR,free,335.06,28
831,2025-12-31 21:31:15.969179,BR,premium,517.82,27
832,2026-01-09 21:31:15.969179,BR,free,487.36,25
833,2026-03-23 21:31:15.969179,BR,free,609.2,30
834,2026-03-06 21:31:15.969179,BR,premium,456.90000000000003,26
835,2026-02-22 21:31:15.969179,BR,premium,395.98,25
836,2026-03-12 21:31:15.969179,BR,free,426.44,21
837,2026-01-10 21:31:15.969179,DE,free,426.44,28
838,2026-02-25 21:31:15.969179,BR,free,487.36,27
839,2026-02-10 21:31:15.969179,BR,premium,456.90000000000003,31
840,2026-02-16 21:31:15.969179,US,free,517.82,23
841,2026-02-23 21:31:15.969179,BR,free,365.52,20
842,2026-01-20 21:31:15.969179,US,free,365.52,30
843,2026-01-23 21:31:15.969179,BR,free,426.44,18
844,2026-01-04 21:31:15.969179,DE,free,395.98,29
845,2025-12-28 21:31:15.969179,BR,premium,548.28,22
846,2026-01-01 21:31:15.969179,BR,free,456.90000000000003,28
847,2026-01-02 21:31:15.969179,BR,free,395.98,35
848,2026-02-02 21:31:15.969179,DE,free,487.36,42
849,2026-03-09 21:31:15.969179,BR,premium,761.5,38
850,2026-02-27 21:31:15.969179,BR,free,609.2,22
851,2026-02-23 21:31:15.969179,BR,free,274.14,20
852,2026-01-12 21:31:15.969179,US,premium,487.36,31
853,2026-03-16 21:31:15.969179,BR,premium,426.44,25
854,2025-12-31 21:31:15.969179,UK,premium,335.06,32
855,2026-02-08 21:31:15.969179,BR,premium,609.2,29
856,2026-01-10 21:31:15.969179,BR,free,335.06,31
857,2026-03-22 21:31:15.969179,BR,premium,304.6,29
858,2026-01-13 21:31:15.969179,BR,free,517.82,33
859,2026-01-31 21:31:15.969179,BR,premium,456.90000000000003,31
860,2026-02-24 21:31:15.969179,BR,premium,274.14,29
861,2026-01-19 21:31:15.969179,US,premium,487.36,29
862,2026-02-20 21:31:15.969179,BR,free,335.06,26
863,2026-01-19 21:31:15.969179,BR,free,335.06,28
864,2026-02-09 21:31:15.969179,BR,free,426.44,34
865,2025-12-28 21:31:15.969179,BR,premium,426.44,29
866,2026-03-13 21:31:15.969179,BR,premium,426.44,26
867,2026-03-09 21:31:15.969179,BR,free,274.14,30
868,2026-01-26 21:31:15.969179,BR,free,426.44,44
869,2026-01-11 21:31:15.969179,UK,free,517.82,32
870,2026-01-19 21:31:15.969179,DE,premium,609.2,33
871,2026-01-06 21:31:15.969179,BR,premium,517.82,39
872,2026-01-18 21:31:15.969179,BR,free,274.14,35
873,2026-03-17 21:31:15.969179,US,free,395.98,25
874,2026-02-04 21:31:15.969179,BR,premium,517.82,25
875,2026-01-24 21:31:15.969179,BR,premium,456.90000000000003,26
876,2026-02-03 21:31:15.969179,BR,free,304.6,31
877,2026-03-22 21:31:15.969179,US,free,365.52,36
878,2026-03-05 21:31:15.969179,US,free,456.90000000000003,32
879,2026-02-23 21:31:15.969179,BR,free,213.22,35
880,2026-01-25 21:31:15.969179,BR,free,304.6,25
881,2026-01-26 21:31:15.969179,BR,free,548.28,24
882,2025-12-31 21:31:15.969179,US,premium,335.06,31
883,2026-01-26 21:31:15.969179,BR,free,365.52,26
884,2026-03-04 21:31:15.969179,BR,premium,456.90000000000003,24
885,2026-02-08 21:31:15.969179,US,free,304.6,33
886,2026-02-12 21:31:15.969179,BR,free,395.98,27
887,2026-01-16 21:31:15.969179,US,free,487.36,28
888,2025-12-30 21:31:15.969179,BR,free,456.90000000000003,34
889,2026-01-07 21:31:15.969179,BR,premium,517.82,35
890,2025-12-29 21:31:15.969179,BR,premium,426.44,25
891,2026-03-26 21:31:15.969179,US,free,609.2,25
892,2026-01-16 21:31:15.969179,UK,free,487.36,31
893,2026-03-26 21:31:15.969179,UK,premium,426.44,30
894,2026-02-02 21:31:15.969179,BR,free,274.14,33
895,2026-03-21 21:31:15.969179,US,free,395.98,27
896,2026-01-08 21:31:15.969179,BR,premium,243.68,30
897,2026-02-25 21:31:15.969179,BR,free,456.90000000000003,30
898,2026-02-11 21:31:15.969179,UK,free,578.74,29
899,2025-12-28 21:31:15.969179,BR,free,609.2,31
900,2026-03-12 21:31:15.969179,BR,premium,426.44,34
901,2026-01-13 21:31:15.969179,BR,free,365.52,32
902,2026-02-01 21:31:15.969179,BR,free,487.36,29
903,2026-03-15 21:31:15.969179,BR,premium,304.6,27
904,2026-01-24 21:31:15.969179,BR,free,274.14,24
905,2026-03-07 21:31:15.969179,BR,premium,395.98,40
906,2026-03-04 21:31:15.969179,UK,free,365.52,27
907,2026-01-24 21:31:15.969179,UK,premium,395.98,34
908,2026-02-09 21:31:15.969179,BR,free,274.14,26
909,2026-03-11 21:31:15.969179,BR,free,395.98,33
910,2025-12-29 21:31:15.969179,BR,free,395.98,29
911,2026-03-20 21:31:15.969179,BR,free,456.90000000000003,34
912,2025-12-28 21:31:15.969179,BR,premium,395.98,23
913,2026-02-03 21:31:15.969179,US,premium,609.2,20
914,2026-02-01 21:31:15.969179,BR,free,487.36,27
915,2026-02-21 21:31:15.969179,BR,free,548.28,40
916,2025-12-28 21:31:15.969179,BR,premium,395.98,33
917,2026-02-17 21:31:15.969179,BR,premium,487.36,29
918,2026-03-23 21:31:15.969179,DE,free,274.14,28
919,2026-03-13 21:31:15.969179,US,free,517.82,27
920,2026-02-09 21:31:15.969179,BR,free,548.28,19
921,2026-02-16 21:31:15.969179,UK,free,548.28,23
922,2026-01-21 21:31:15.969179,BR,free,395.98,29
923,2025-12-31 21:31:15.969179,UK,free,639.66,41
924,2026-02-27 21:31:15.969179,US,free,456.90000000000003,37
925,2026-03-08 21:31:15.969179,BR,premium,609.2,32
926,2026-01-08 21:31:15.969179,BR,free,395.98,22
927,2026-03-17 21:31:15.969179,BR,free,335.06,32
928,2026-03-18 21:31:15.969179,BR,free,274.14,44
929,2026-03-28 21:31:15.969179,US,free,700.58,30
930,2026-02-08 21:31:15.969179,BR,free,395.98,32
931,2026-03-13 21:31:15.969179,BR,free,243.68,26
932,2026-02-26 21:31:15.969179,UK,free,274.14,34
933,2026-03-05 21:31:15.969179,DE,free,274.14,27
934,2026-01-03 21:31:15.969179,BR,free,335.06,33
935,2026-01-28 21:31:15.969179,BR,free,487.36,20
936,2026-03-27 21:31:15.969179,BR,premium,517.82,26
937,2026-03-03 21:31:15.969179,BR,free,517.82,34
938,2026-03-03 21:31:15.969179,DE,premium,487.36,24
939,2026-01-16 21:31:15.969179,BR,free,426.44,33
940,2026-02-02 21:31:15.969179,BR,free,609.2,18
941,2026-03-04 21:31:15.969179,BR,free,335.06,46
942,2026-01-19 21:31:15.969179,BR,free,426.44,24
943,2026-03-27 21:31:15.969179,US,premium,426.44,23
944,2026-01-29 21:31:15.969179,UK,premium,487.36,25
945,2026-01-20 21:31:15.969179,BR,premium,487.36,37
946,2026-03-22 21:31:15.969179,BR,free,456.90000000000003,31
947,2026-03-02 21:31:15.969179,BR,free,487.36,17
948,2026-03-16 21:31:15.969179,DE,free,395.98,32
949,2026-02-14 21:31:15.969179,UK,free,456.90000000000003,25
950,2026-02-10 21:31:15.969179,BR,free,548.28,35
951,2026-01-14 21:31:15.969179,US,free,365.52,34
952,2026-01-23 21:31:15.969179,US,free,304.6,29
953,2026-02-12 21:31:15.969179,BR,free,274.14,40
954,2026-02-03 21:31:15.969179,DE,premium,426.44,25
955,2025-12-29 21:31:15.969179,BR,premium,274.14,32
956,2026-02-25 21:31:15.969179,BR,premium,487.36,34
957,2026-01-31 21:31:15.969179,BR,free,182.76,29
958,2026-01-08 21:31:15.969179,BR,free,274.14,38
959,2026-03-12 21:31:15.969179,BR,free,395.98,28
960,2026-03-08 21:31:15.969179,US,premium,456.90000000000003,34
961,2026-01-20 21:31:15.969179,BR,free,304.6,28
962,2026-02-26 21:31:15.969179,US,free,426.44,33
963,2026-03-08 21:31:15.969179,BR,premium,670.12,36
964,2026-03-07 21:31:15.969179,BR,free,121.84,32
965,2026-01-09 21:31:15.969179,BR,free,274.14,33
966,2026-01-24 21:31:15.969179,BR,free,274.14,34
967,2026-02-25 21:31:15.969179,US,free,456.90000000000003,25
968,2026-03-21 21:31:15.969179,BR,free,365.52,29
969,2026-03-24 21:31:15.969179,BR,free,243.68,33
970,2026-02-06 21:31:15.969179,BR,free,365.52,31
971,2026-03-23 21:31:15.969179,US,free,395.98,37
972,2026-01-26 21:31:15.969179,DE,premium,335.06,23
973,2026-01-04 21:31:15.969179,US,free,609.2,32
974,2026-03-12 21:31:15.969179,BR,free,395.98,35
975,2026-03-21 21:31:15.969179,BR,free,456.90000000000003,22
976,2026-03-28 21:31:15.969179,BR,premium,395.98,24
977,2026-02-17 21:31:15.969179,BR,free,426.44,34
978,2026-02-23 21:31:15.969179,BR,free,304.6,35
979,2026-02-17 21:31:15.969179,BR,premium,456.90000000000003,32
980,2026-02-24 21:31:15.969179,BR,premium,335.06,27
981,2026-02-26 21:31:15.969179,BR,free,426.44,36
982,2026-02-04 21:31:15.969179,US,premium,456.90000000000003,29
983,2026-03-01 21:31:15.969179,BR,free,335.06,37
984,2026-02-09 21:31:15.969179,BR,free,548.28,31
985,2026-02-04 21:31:15.969179,US,free,426.44,36
986,2026-03-23 21:31:15.969179,BR,free,395.98,20
987,2026-01-14 21:31:15.969179,US,premium,426.44,27
988,2026-01-16 21:31:15.969179,BR,free,609.2,24
989,2026-03-24 21:31:15.969179,BR,free,365.52,37
990,2026-01-07 21:31:15.969179,UK,premium,304.6,36
991,2026-01-21 21:31:15.969179,US,premium,487.36,28
992,2026-03-24 21:31:15.969179,US,free,639.66,29
993,2026-02-19 21:31:15.969179,BR,free,578.74,23
994,2026-01-19 21:31:15.969179,BR,free,335.06,36
995,2026-01-18 21:31:15.969179,BR,premium,243.68,26
996,2026-01-17 21:31:15.969179,BR,free,304.6,28
997,2026-01-20 21:31:15.969179,DE,premium,365.52,32
998,2026-03-18 21:31:15.969179,BR,free,274.14,34
999,2026-03-24 21:31:15.969179,DE,free,578.74,24
1000,2026-02-11 21:31:15.969179,BR,free,365.52,23
