user_id,signup_date,country,plan
1,2026-01-02 21:31:15.969179,BR,free
2,2026-02-11 21:31:15.969179,DE,free
3,2026-01-10 21:31:15.969179,US,premium
4,2026-03-25 21:31:15.969179,BR,premium
5,2025-12-30 21:31:15.969179,BR,premium
6,2026-01-28 21:31:15.969179,BR,free
7,2026-03-10 21:31:15.969179,BR,free
8,2026-01-22 21:31:15.969179,UK,premium
9,2026-01-30 21:31:15.969179,US,free
10,2026-02-26 21:31:15.969179,US,free
11,2026-03-06 21:31:15.969179,BR,free
12,2026-01-18 21:31:15.969179,DE,premium
13,2026-02-07 21:31:15.969179,UK,premium
14,2026-03-12 21:31:15.969179,BR,free
15,2026-01-09 21:31:15.969179,BR,premium
16,2026-01-21 21:31:15.969179,BR,premium
17,2026-01-02 21:31:15.969179,BR,free
18,2026-02-03 21:31:15.969179,BR,free
19,2026-01-05 21:31:15.969179,BR,premium
20,2026-01-25 21:31:15.969179,BR,free
21,2026-02-19 21:31:15.969179,US,free
22,2026-03-21 21:31:15.969179,BR,free
23,2026-02-09 21:31:15.969179,BR,premium
24,2026-01-10 21:31:15.969179,BR,premium
25,2026-02-09 21:31:15.969179,BR,premium
26,2026-02-15 21:31:15.969179,US,free
27,2026-02-26 21:31:15.969179,BR,premium
28,2026-01-11 21:31:15.969179,BR,premium
29,2025-12-31 21:31:15.969179,BR,free
30,2026-03-19 21:31:15.969179,BR,premium
31,2026-01-17 21:31:15.969179,US,free
32,2026-03-21 21:31:15.969179,BR,free
33,2026-02-03 21:31:15.969179,BR,free
34,2026-03-23 21:31:15.969179,DE,free
35,2026-01-06 21:31:15.969179,DE,free
36,2026-02-04 21:31:15.969179,UK,free
37,2026-03-19 21:31:15.969179,BR,free
38,2026-01-18 21:31:15.969179,BR,premium
39,2026-03-05 21:31:15.969179,US,free
40,2026-01-17 21:31:15.969179,BR,free
41,2026-03-11 21:31:15.969179,BR,free
42,2026-01-18 21:31:15.969179,BR,premium
43,2026-03-27 21:31:15.969179,BR,free
44,2026-01-09 21:31:15.969179,DE,free
45,2026-02-25 21:31:15.969179,BR,premium
46,2026-03-26 21:31:15.969179,US,free
47,2026-03-25 21:31:15.969179,BR,free
48,2026-03-24 21:31:15.969179,BR,free
49,2026-01-19 21:31:15.969179,BR,premium
50,2026-03-08 21:31:15.969179,BR,free
51,2025-12-31 21:31:15.969179,DE,premium
52,2026-01-31 21:31:15.969179,US,free
53,2026-02-17 21:31:15.969179,DE,premium
54,2026-01-01 21:31:15.969179,UK,premium
55,2026-02-26 21:31:15.969179,BR,premium
56,2026-01-26 21:31:15.969179,DE,free
57,2026-03-09 21:31:15.969179,BR,premium
58,2026-03-10 21:31:15.969179,BR,free
59,2025-12-30 21:31:15.969179,BR,free
60,2026-03-11 21:31:15.969179,BR,free
61,2026-01-16 21:31:15.969179,BR,premium
62,2026-01-01 21:31:15.969179,BR,premium
63,2026-03-02 21:31:15.969179,UK,premium
64,2026-01-19 21:31:15.969179,BR,free
65,2026-03-12 21:31:15.969179,BR,free
66,2026-03-20 21:31:15.969179,BR,premium
67,2026-03-26 21:31:15.969179,BR,free
68,2026-01-24 21:31:15.969179,UK,free
69,2026-01-31 21:31:15.969179,BR,free
70,2026-01-01 21:31:15.969179,DE,free
71,2026-02-09 21:31:15.969179,US,free
72,2026-03-04 21:31:15.969179,BR,free
73,2026-01-02 21:31:15.969179,BR,free
74,2026-03-19 21:31:15.969179,UK,free
75,2026-01-23 21:31:15.969179,US,premium
76,2026-02-01 21:31:15.969179,US,free
77,2026-02-26 21:31:15.969179,US,free
78,2026-02-13 21:31:15.969179,BR,free
79,2026-01-26 21:31:15.969179,BR,free
80,2026-02-14 21:31:15.969179,BR,premium
81,2026-03-01 21:31:15.969179,UK,premium
82,2026-01-23 21:31:15.969179,US,free
83,2025-12-30 21:31:15.969179,BR,free
84,2026-03-05 21:31:15.969179,BR,premium
85,2026-03-01 21:31:15.969179,BR,premium
86,2026-01-22 21:31:15.969179,BR,free
87,2026-02-14 21:31:15.969179,US,free
88,2026-03-02 21:31:15.969179,US,free
89,2026-01-18 21:31:15.969179,UK,premium
90,2026-01-04 21:31:15.969179,BR,free
91,2026-03-19 21:31:15.969179,BR,premium
92,2026-02-27 21:31:15.969179,US,free
93,2026-01-05 21:31:15.969179,US,free
94,2026-01-28 21:31:15.969179,BR,free
95,2026-01-04 21:31:15.969179,US,free
96,2026-01-06 21:31:15.969179,BR,free
97,2026-01-19 21:31:15.969179,BR,free
98,2026-02-25 21:31:15.969179,BR,free
99,2026-03-13 21:31:15.969179,BR,premium
100,2026-01-16 21:31:15.969179,BR,free
101,2026-03-06 21:31:15.969179,BR,free
102,2026-02-12 21:31:15.969179,US,premium
103,2026-01-03 21:31:15.969179,BR,premium
104,2026-03-13 21:31:15.969179,BR,premium
105,2026-03-15 21:31:15.969179,DE,premium
106,2026-01-23 21:31:15.969179,BR,free
107,2026-03-04 21:31:15.969179,BR,free
108,2026-03-25 21:31:15.969179,US,premium
109,2026-03-17 21:31:15.969179,BR,free
110,2026-01-09 21:31:15.969179,BR,free
111,2026-03-11 21:31:15.969179,BR,premium
112,2026-03-16 21:31:15.969179,BR,free
113,2026-02-21 21:31:15.969179,DE,free
114,2026-02-22 21:31:15.969179,UK,free
115,2026-01-22 21:31:15.969179,US,free
116,2026-03-20 21:31:15.969179,UK,free
117,2026-01-10 21:31:15.969179,UK,free
118,2026-03-09 21:31:15.969179,BR,premium
119,2026-01-20 21:31:15.969179,UK,free
120,2025-12-29 21:31:15.969179,BR,free
121,2026-01-30 21:31:15.969179,UK,premium
122,2026-01-14 21:31:15.969179,UK,premium
123,2026-01-27 21:31:15.969179,BR,premium
124,2026-02-07 21:31:15.969179,BR,premium
125,2026-03-10 21:31:15.969179,BR,free
126,2026-02-27 21:31:15.969179,BR,free
127,2026-02-13 21:31:15.969179,UK,free
128,2026-03-22 21:31:15.969179,UK,free
129,2026-03-21 21:31:15.969179,BR,free
130,2026-03-16 21:31:15.969179,BR,free
131,2026-01-18 21:31:15.969179,BR,premium
132,2025-12-30 21:31:15.969179,BR,free
133,2026-02-27 21:31:15.969179,BR,free
134,2026-03-11 21:31:15.969179,BR,free
135,2026-01-29 21:31:15.969179,DE,free
136,2026-01-26 21:31:15.969179,BR,free
137,2026-01-25 21:31:15.969179,BR,premium
138,2026-01-30 21:31:15.969179,US,free
139,2026-02-02 21:31:15.969179,BR,free
140,2026-02-13 21:31:15.969179,DE,free
141,2026-01-28 21:31:15.969179,DE,premium
142,2026-01-11 21:31:15.969179,BR,free
143,2026-01-16 21:31:15.969179,BR,free
144,2026-01-08 21:31:15.969179,BR,free
145,2026-03-20 21:31:15.969179,BR,free
146,2026-01-10 21:31:15.969179,BR,premium
147,2026-01-17 21:31:15.969179,US,premium
148,2026-03-25 21:31:15.969179,BR,free
149,2026-01-30 21:31:15.969179,BR,premium
150,2026-03-11 21:31:15.969179,BR,premium
151,2026-01-18 21:31:15.969179,DE,premium
152,2026-01-26 21:31:15.969179,BR,premium
153,2026-03-17 21:31:15.969179,BR,free
154,2026-01-30 21:31:15.969179,BR,free
155,2026-02-24 21:31:15.969179,DE,free
156,2026-01-27 21:31:15.969179,BR,premium
157,2026-01-24 21:31:15.969179,US,free
158,2026-02-22 21:31:15.969179,US,premium
159,2026-02-19 21:31:15.969179,BR,premium
160,2026-01-09 21:31:15.969179,US,free
161,2026-01-18 21:31:15.969179,BR,premium
162,2026-01-14 21:31:15.969179,US,free
163,2026-01-27 21:31:15.969179,US,free
164,2026-03-04 21:31:15.969179,BR,premium
165,2026-01-17 21:31:15.969179,BR,free
166,2026-01-21 21:31:15.969179,UK,premium
167,2026-03-24 21:31:15.969179,BR,premium
168,2026-03-23 21:31:15.969179,BR,free
169,2026-01-05 21:31:15.969179,BR,free
170,2026-01-12 21:31:15.969179,BR,free
171,2026-03-21 21:31:15.969179,US,free
172,2026-02-17 21:31:15.969179,BR,premium
173,2026-02-07 21:31:15.969179,BR,free
174,2026-01-09 21:31:15.969179,BR,free
175,2026-02-28 21:31:15.969179,US,free
176,2026-02-24 21:31:15.969179,BR,free
177,2026-01-30 21:31:15.969179,US,premium
178,2025-12-28 21:31:15.969179,BR,free
179,2026-03-13 21:31:15.969179,DE,premium
180,2026-03-21 21:31:15.969179,BR,free
181,2026-01-04 21:31:15.969179,BR,premium
182,2026-03-17 21:31:15.969179,BR,free
183,2026-02-11 21:31:15.969179,DE,free
184,2026-03-04 21:31:15.969179,UK,premium
185,2026-03-10 21:31:15.969179,BR,free
186,2026-02-15 21:31:15.969179,US,premium
187,2026-02-08 21:31:15.969179,UK,free
188,2026-03-11 21:31:15.969179,BR,free
189,2026-01-09 21:31:15.969179,BR,free
190,2026-02-26 21:31:15.969179,BR,premium
191,2026-01-07 21:31:15.969179,BR,free
192,2026-01-08 21:31:15.969179,UK,free
193,2026-01-06 21:31:15.969179,DE,free
194,2026-02-12 21:31:15.969179,US,free
195,2026-02-15 21:31:15.969179,BR,free
196,2026-03-14 21:31:15.969179,BR,premium
197,2026-03-04 21:31:15.969179,US,premium
198,2026-01-16 21:31:15.969179,UK,premium
199,2026-01-02 21:31:15.969179,UK,premium
200,2026-02-22 21:31:15.969179,US,free
201,2026-01-22 21:31:15.969179,US,premium
202,2026-03-10 21:31:15.969179,BR,free
203,2025-12-29 21:31:15.969179,BR,free
204,2026-02-26 21:31:15.969179,UK,free
205,2026-03-21 21:31:15.969179,US,free
206,2026-02-09 21:31:15.969179,BR,premium
207,2026-03-05 21:31:15.969179,BR,free
208,2026-02-19 21:31:15.969179,US,free
209,2026-02-01 21:31:15.969179,BR,free
210,2026-03-11 21:31:15.969179,BR,premium
211,2026-03-26 21:31:15.969179,BR,free
212,2026-01-18 21:31:15.969179,US,free
213,2026-03-04 21:31:15.969179,US,free
214,2026-03-02 21:31:15.969179,BR,premium
215,2026-01-10 21:31:15.969179,US,free
216,2026-02-10 21:31:15.969179,BR,free
217,2026-02-07 21:31:15.969179,BR,free
218,2026-01-10 21:31:15.969179,US,free
219,2026-01-09 21:31:15.969179,US,free
220,2025-12-30 21:31:15.969179,UK,free
221,2026-03-16 21:31:15.969179,US,premium
222,2026-03-26 21:31:15.969179,BR,free
223,2026-02-11 21:31:15.969179,BR,free
224,2026-02-25 21:31:15.969179,BR,premium
225,2026-02-23 21:31:15.969179,BR,free
226,2026-01-08 21:31:15.969179,BR,free
227,2026-01-14 21:31:15.969179,DE,free
228,2026-02-11 21:31:15.969179,BR,free
229,2026-01-06 21:31:15.969179,UK,premium
230,2026-03-22 21:31:15.969179,US,free
231,2026-03-01 21:31:15.969179,US,premium
232,2026-01-07 21:31:15.969179,BR,free
233,2026-01-20 21:31:15.969179,BR,free
234,2026-01-10 21:31:15.969179,BR,free
235,2026-02-02 21:31:15.969179,BR,free
236,2026-03-07 21:31:15.969179,US,free
237,2026-01-26 21:31:15.969179,BR,premium
238,2026-02-10 21:31:15.969179,BR,free
239,2026-03-21 21:31:15.969179,US,premium
240,2026-03-05 21:31:15.969179,BR,free
241,2026-01-01 21:31:15.969179,DE,premium
242,2025-12-28 21:31:15.969179,DE,premium
243,2026-03-24 21:31:15.969179,DE,premium
244,2026-02-22 21:31:15.969179,BR,premium
245,2026-01-16 21:31:15.969179,BR,premium
246,2026-01-02 21:31:15.969179,DE,free
247,2026-01-21 21:31:15.969179,BR,free
248,2026-02-08 21:31:15.969179,DE,free
249,2026-01-14 21:31:15.969179,DE,premium
250,2026-02-24 21:31:15.969179,UK,free
251,2026-03-25 21:31:15.969179,BR,premium
252,2026-03-16 21:31:15.969179,BR,free
253,2026-01-28 21:31:15.969179,UK,free
254,2026-02-28 21:31:15.969179,BR,free
255,2026-02-15 21:31:15.969179,BR,free
256,2026-03-06 21:31:15.969179,BR,free
257,2026-02-08 21:31:15.969179,DE,free
258,2026-01-08 21:31:15.969179,US,free
259,2026-01-04 21:31:15.969179,BR,free
260,2026-01-06 21:31:15.969179,BR,free
261,2026-01-12 21:31:15.969179,US,free
262,2026-03-24 21:31:15.969179,DE,premium
263,2026-01-01 21:31:15.969179,BR,free
264,2026-03-23 21:31:15.969179,BR,free
265,2026-01-11 21:31:15.969179,UK,free
266,2026-01-31 21:31:15.969179,US,free
267,2026-02-28 21:31:15.969179,US,free
268,2026-02-19 21:31:15.969179,US,free
269,2026-02-03 21:31:15.969179,BR,free
270,2026-01-10 21:31:15.969179,BR,free
271,2026-01-25 21:31:15.969179,UK,free
272,2026-02-05 21:31:15.969179,UK,premium
273,2026-01-18 21:31:15.969179,UK,premium
274,2026-01-05 21:31:15.969179,DE,free
275,2026-02-10 21:31:15.969179,BR,free
276,2025-12-28 21:31:15.969179,BR,free
277,2026-03-04 21:31:15.969179,US,free
278,2026-03-13 21:31:15.969179,US,premium
279,2026-03-12 21:31:15.969179,US,free
280,2025-12-29 21:31:15.969179,US,free
281,2026-03-05 21:31:15.969179,UK,free
282,2026-01-22 21:31:15.969179,BR,premium
283,2026-01-03 21:31:15.969179,BR,free
284,2026-01-07 21:31:15.969179,BR,free
285,2026-01-05 21:31:15.969179,BR,free
286,2026-02-26 21:31:15.969179,BR,free
287,2026-01-12 21:31:15.969179,BR,free
288,2026-02-28 21:31:15.969179,BR,free
289,2026-03-17 21:31:15.969179,BR,free
290,2026-01-31 21:31:15.969179,BR,free
291,2026-03-03 21:31:15.969179,BR,free
292,2026-03-26 21:31:15.969179,BR,free
293,2026-03-05 21:31:15.969179,UK,free
294,2026-03-27 21:31:15.969179,BR,free
295,2025-12-30 21:31:15.969179,BR,premium
296,2026-03-22 21:31:15.969179,BR,free
297,2026-01-30 21:31:15.969179,US,free
298,2026-01-10 21:31:15.969179,BR,free
299,2026-02-01 21:31:15.969179,US,free
300,2026-03-10 21:31:15.969179,BR,premium
301,2026-01-26 21:31:15.969179,BR,free
302,2026-01-16 21:31:15.969179,BR,premium
303,2025-12-30 21:31:15.969179,BR,free
304,2026-01-19 21:31:15.969179,US,free
305,2026-01-13 21:31:15.969179,US,premium
306,2026-03-28 21:31:15.969179,DE,premium
307,2026-01-15 21:31:15.969179,BR,premium
308,2026-01-22 21:31:15.969179,BR,premium
309,2026-02-25 21:31:15.969179,US,free
310,2026-02-07 21:31:15.969179,BR,premium
311,2026-02-01 21:31:15.969179,BR,free
312,2026-01-20 21:31:15.969179,BR,premium
313,2026-01-08 21:31:15.969179,BR,free
314,2026-02-25 21:31:15.969179,DE,premium
315,2025-12-29 21:31:15.969179,UK,free
316,2026-02-07 21:31:15.969179,US,free
317,2026-03-02 21:31:15.969179,BR,free
318,2026-01-08 21:31:15.969179,BR,premium
319,2026-02-15 21:31:15.969179,BR,free
320,2026-01-30 21:31:15.969179,BR,free
321,2026-02-06 21:31:15.969179,BR,free
322,2026-01-12 21:31:15.969179,US,free
323,2026-01-28 21:31:15.969179,US,premium
324,2026-02-13 21:31:15.969179,BR,free
325,2026-03-23 21:31:15.969179,DE,premium
326,2026-01-24 21:31:15.969179,US,free
327,2026-03-03 21:31:15.969179,BR,free
328,2026-01-04 21:31:15.969179,US,premium
329,2026-02-11 21:31:15.969179,BR,free
330,2026-03-13 21:31:15.969179,BR,free
331,2026-01-08 21:31:15.969179,BR,free
332,2026-03-12 21:31:15.969179,US,premium
333,2025-12-30 21:31:15.969179,BR,free
334,2026-01-03 21:31:15.969179,BR,premium
335,2026-02-02 21:31:15.969179,BR,premium
336,2026-02-18 21:31:15.969179,BR,free
337,2025-12-28 21:31:15.969179,UK,free
338,2026-01-18 21:31:15.969179,US,free
339,2026-01-04 21:31:15.969179,BR,free
340,2026-02-06 21:31:15.969179,BR,free
341,2026-03-20 21:31:15.969179,BR,free
342,2026-02-08 21:31:15.969179,BR,free
343,2026-02-18 21:31:15.969179,BR,premium
344,2026-03-19 21:31:15.969179,BR,premium
345,2026-03-09 21:31:15.969179,BR,premium
346,2026-02-27 21:31:15.969179,US,free
347,2026-02-20 21:31:15.969179,US,free
348,2026-03-22 21:31:15.969179,BR,free
349,2026-03-03 21:31:15.969179,BR,premium
350,2026-02-24 21:31:15.969179,US,free
351,2026-01-03 21:31:15.969179,BR,premium
352,2026-01-23 21:31:15.969179,UK,free
353,2026-02-15 21:31:15.969179,US,free
354,2026-02-20 21:31:15.969179,BR,premium
355,2026-01-12 21:31:15.969179,BR,free
356,2026-03-28 21:31:15.969179,US,premium
357,2026-02-11 21:31:15.969179,BR,premium
358,2026-01-07 21:31:15.969179,BR,free
359,2025-12-29 21:31:15.969179,DE,free
360,2026-02-02 21:31:15.969179,BR,free
361,2026-03-17 21:31:15.969179,BR,premium
362,2026-02-15 21:31:15.969179,US,free
363,2026-03-25 21:31:15.969179,BR,free
364,2026-02-24 21:31:15.969179,BR,free
365,2026-02-09 21:31:15.969179,DE,premium
366,2026-03-19 21:31:15.969179,BR,free
367,2026-02-11 21:31:15.969179,DE,premium
368,2025-12-31 21:31:15.969179,DE,premium
369,2026-03-16 21:31:15.969179,BR,free
370,2026-02-25 21:31:15.969179,BR,free
371,2026-03-15 21:31:15.969179,BR,premium
372,2026-03-13 21:31:15.969179,BR,free
373,2026-03-09 21:31:15.969179,BR,premium
374,2026-02-05 21:31:15.969179,US,free
375,2025-12-30 21:31:15.969179,BR,free
376,2026-03-13 21:31:15.969179,BR,premium
377,2026-01-01 21:31:15.969179,UK,free
378,2025-12-31 21:31:15.969179,BR,free
379,2026-03-26 21:31:15.969179,UK,free
380,2026-02-18 21:31:15.969179,BR,free
381,2026-02-27 21:31:15.969179,BR,free
382,2026-03-04 21:31:15.969179,US,free
383,2026-03-25 21:31:15.969179,US,premium
384,2026-01-31 21:31:15.969179,UK,free
385,2026-02-03 21:31:15.969179,US,free
386,2026-02-07 21:31:15.969179,UK,free
387,2026-02-15 21:31:15.969179,BR,premium
388,2026-03-17 21:31:15.969179,BR,free
389,2026-03-06 21:31:15.969179,US,premium
390,2026-03-25 21:31:15.969179,UK,free
391,2026-03-01 21:31:15.969179,DE,free
392,2026-02-02 21:31:15.969179,BR,free
393,2026-02-02 21:31:15.969179,BR,free
394,2026-01-21 21:31:15.969179,US,free
395,2026-03-27 21:31:15.969179,BR,free
396,2026-01-01 21:31:15.969179,DE,premium
397,2026-03-28 21:31:15.969179,UK,free
398,2026-02-22 21:31:15.969179,BR,free
399,2026-02-01 21:31:15.969179,US,free
400,2026-03-09 21:31:15.969179,US,premium
401,2026-02-20 21:31:15.969179,BR,free
402,2025-12-29 21:31:15.969179,DE,free
403,2026-01-18 21:31:15.969179,BR,free
404,2026-01-03 21:31:15.969179,UK,premium
405,2026-02-24 21:31:15.969179,BR,free
406,2026-03-05 21:31:15.969179,UK,free
407,2026-01-05 21:31:15.969179,BR,premium
408,2026-03-04 21:31:15.969179,BR,premium
409,2026-03-16 21:31:15.969179,DE,free
410,2026-01-17 21:31:15.969179,BR,premium
411,2026-01-07 21:31:15.969179,BR,free
412,2026-01-15 21:31:15.969179,DE,free
413,2026-01-12 21:31:15.969179,DE,free
414,2026-01-17 21:31:15.969179,BR,free
415,2026-03-20 21:31:15.969179,US,free
416,2026-02-18 21:31:15.969179,BR,premium
417,2026-03-19 21:31:15.969179,BR,free
418,2026-03-24 21:31:15.969179,BR,free
419,2026-01-29 21:31:15.969179,US,free
420,2026-01-27 21:31:15.969179,US,premium
421,2026-01-15 21:31:15.969179,US,free
422,2026-01-29 21:31:15.969179,US,free
423,2026-02-01 21:31:15.969179,BR,free
424,2026-02-20 21:31:15.969179,BR,free
425,2026-01-17 21:31:15.969179,BR,premium
426,2026-02-14 21:31:15.969179,BR,premium
427,2026-01-21 21:31:15.969179,BR,free
428,2026-03-11 21:31:15.969179,UK,premium
429,2026-03-20 21:31:15.969179,BR,free
430,2026-01-16 21:31:15.969179,BR,premium
431,2026-03-14 21:31:15.969179,BR,free
432,2026-03-07 21:31:15.969179,US,free
433,2026-03-06 21:31:15.969179,US,free
434,2026-01-11 21:31:15.969179,BR,free
435,2026-01-08 21:31:15.969179,BR,free
436,2026-01-24 21:31:15.969179,US,free
437,2026-01-22 21:31:15.969179,BR,free
438,2025-12-29 21:31:15.969179,UK,premium
439,2026-01-17 21:31:15.969179,US,free
440,2026-03-23 21:31:15.969179,BR,free
441,2026-01-16 21:31:15.969179,BR,premium
442,2026-03-10 21:31:15.969179,DE,free
443,2026-02-12 21:31:15.969179,BR,free
444,2026-02-21 21:31:15.969179,BR,free
445,2026-02-16 21:31:15.969179,UK,premium
446,2026-01-06 21:31:15.969179,DE,free
447,2025-12-29 21:31:15.969179,DE,free
448,2026-02-22 21:31:15.969179,US,premium
449,2026-03-07 21:31:15.969179,BR,premium
450,2026-03-28 21:31:15.969179,BR,free
451,2026-03-18 21:31:15.969179,US,free
452,2026-02-12 21:31:15.969179,BR,free
453,2026-01-08 21:31:15.969179,BR,premium
454,2026-03-05 21:31:15.969179,DE,free
455,2026-03-27 21:31:15.969179,BR,free
456,2026-03-22 21:31:15.969179,BR,premium
457,2026-02-07 21:31:15.969179,BR,free
458,2026-02-08 21:31:15.969179,BR,free
459,2026-02-16 21:31:15.969179,BR,free
460,2026-01-12 21:31:15.969179,BR,free
461,2026-01-23 21:31:15.969179,BR,free
462,2025-12-29 21:31:15.969179,US,free
463,2026-03-07 21:31:15.969179,US,free
464,2026-01-26 21:31:15.969179,BR,free
465,2026-01-06 21:31:15.969179,DE,premium
466,2026-03-18 21:31:15.969179,BR,free
467,2026-01-07 21:31:15.969179,BR,premium
468,2026-01-31 21:31:15.969179,UK,free
469,2026-01-27 21:31:15.969179,BR,premium
470,2026-03-22 21:31:15.969179,DE,premium
471,2026-01-03 21:31:15.969179,BR,free
472,2026-03-26 21:31:15.969179,DE,premium
473,2026-02-23 21:31:15.969179,BR,premium
474,2026-01-08 21:31:15.969179,UK,free
475,2026-01-12 21:31:15.969179,BR,free
476,2026-02-25 21:31:15.969179,DE,free
477,2026-03-03 21:31:15.969179,BR,premium
478,2026-03-02 21:31:15.969179,BR,premium
479,2026-02-19 21:31:15.969179,DE,premium
480,2026-02-25 21:31:15.969179,BR,free
481,2026-02-22 21:31:15.969179,US,premium
482,2026-03-22 21:31:15.969179,US,free
483,2026-02-06 21:31:15.969179,BR,free
484,2026-02-24 21:31:15.969179,US,free
485,2026-01-09 21:31:15.969179,BR,free
486,2026-01-11 21:31:15.969179,DE,free
487,2026-02-24 21:31:15.969179,BR,free
488,2026-03-16 21:31:15.969179,BR,free
489,2026-03-09 21:31:15.969179,DE,free
490,2025-12-28 21:31:15.969179,UK,free
491,2026-01-30 21:31:15.969179,BR,free
492,2026-02-02 21:31:15.969179,US,free
493,2026-02-11 21:31:15.969179,BR,free
494,2026-02-04 21:31:15.969179,BR,free
495,2026-03-20 21:31:15.969179,BR,free
496,2026-03-18 21:31:15.969179,BR,free
497,2026-01-22 21:31:15.969179,BR,free
498,2026-01-06 21:31:15.969179,BR,free
499,2026-01-12 21:31:15.969179,DE,free
500,2026-02-28 21:31:15.969179,DE,premium
501,2026-02-15 21:31:15.969179,US,free
502,2026-02-24 21:31:15.969179,BR,free
503,2026-02-23 21:31:15.969179,BR,free
504,2026-02-18 21:31:15.969179,UK,free
505,2026-02-08 21:31:15.969179,US,free
506,2026-03-24 21:31:15.969179,BR,free
507,2026-03-18 21:31:15.969179,DE,free
508,2026-01-31 21:31:15.969179,UK,free
509,2026-01-01 21:31:15.969179,DE,free
510,2026-03-16 21:31:15.969179,US,premium
511,2026-03-14 21:31:15.969179,US,premium
512,2026-01-08 21:31:15.969179,BR,premium
513,2026-03-16 21:31:15.969179,DE,premium
514,2026-02-01 21:31:15.969179,UK,free
515,2026-03-22 21:31:15.969179,BR,free
516,2026-02-24 21:31:15.969179,BR,free
517,2026-01-06 21:31:15.969179,BR,free
518,2026-02-13 21:31:15.969179,UK,premium
519,2026-02-06 21:31:15.969179,DE,free
520,2026-01-31 21:31:15.969179,BR,premium
521,2026-01-07 21:31:15.969179,BR,free
522,2026-02-23 21:31:15.969179,BR,premium
523,2026-03-07 21:31:15.969179,DE,free
524,2026-02-18 21:31:15.969179,UK,free
525,2026-03-03 21:31:15.969179,UK,free
526,2026-03-17 21:31:15.969179,BR,free
527,2026-03-15 21:31:15.969179,BR,free
528,2026-03-04 21:31:15.969179,BR,free
529,2026-01-29 21:31:15.969179,BR,premium
530,2026-01-28 21:31:15.969179,UK,free
531,2026-03-10 21:31:15.969179,UK,free
532,2026-01-13 21:31:15.969179,DE,free
533,2026-01-15 21:31:15.969179,DE,premium
534,2026-03-17 21:31:15.969179,BR,free
535,2026-02-08 21:31:15.969179,US,free
536,2026-03-13 21:31:15.969179,DE,free
537,2026-01-10 21:31:15.969179,UK,free
538,2026-01-22 21:31:15.969179,BR,free
539,2026-01-05 21:31:15.969179,BR,free
540,2026-02-25 21:31:15.969179,BR,free
541,2026-03-03 21:31:15.969179,DE,premium
542,2026-01-31 21:31:15.969179,US,free
543,2026-03-07 21:31:15.969179,BR,free
544,2026-02-25 21:31:15.969179,US,free
545,2026-01-17 21:31:15.969179,US,premium
546,2026-01-25 21:31:15.969179,BR,free
547,2026-03-24 21:31:15.969179,BR,premium
548,2026-03-08 21:31:15.969179,US,free
549,2026-02-28 21:31:15.969179,BR,free
550,2026-01-17 21:31:15.969179,US,free
551,2026-01-28 21:31:15.969179,BR,premium
552,2025-12-28 21:31:15.969179,UK,free
553,2026-01-25 21:31:15.969179,BR,premium
554,2025-12-29 21:31:15.969179,BR,premium
555,2026-02-09 21:31:15.969179,UK,free
556,2026-02-13 21:31:15.969179,BR,free
557,2026-03-12 21:31:15.969179,BR,free
558,2026-03-03 21:31:15.969179,BR,free
559,2026-01-19 21:31:15.969179,US,premium
560,2025-12-28 21:31:15.969179,US,premium
561,2026-02-04 21:31:15.969179,US,free
562,2026-01-05 21:31:15.969179,BR,free
563,2026-01-25 21:31:15.969179,BR,premium
564,2026-02-23 21:31:15.969179,BR,free
565,2025-12-29 21:31:15.969179,BR,premium
566,2026-01-28 21:31:15.969179,BR,free
567,2026-01-09 21:31:15.969179,BR,free
568,2026-01-18 21:31:15.969179,BR,free
569,2026-03-22 21:31:15.969179,DE,free
570,2026-01-17 21:31:15.969179,BR,free
571,2026-03-13 21:31:15.969179,BR,free
572,2026-01-06 21:31:15.969179,US,free
573,2026-02-08 21:31:15.969179,BR,premium
574,2026-03-23 21:31:15.969179,US,premium
575,2026-03-26 21:31:15.969179,UK,free
576,2025-12-28 21:31:15.969179,DE,free
577,2026-02-19 21:31:15.969179,BR,free
578,2026-01-21 21:31:15.969179,DE,free
579,2026-02-26 21:31:15.969179,BR,free
580,2026-01-12 21:31:15.969179,BR,free
581,2026-01-16 21:31:15.969179,BR,free
582,2025-12-29 21:31:15.969179,DE,free
583,2026-01-02 21:31:15.969179,BR,free
584,2026-01-21 21:31:15.969179,BR,free
585,2026-02-02 21:31:15.969179,US,premium
586,2026-01-26 21:31:15.969179,BR,free
587,2026-03-01 21:31:15.969179,BR,free
588,2026-02-07 21:31:15.969179,BR,free
589,2026-01-11 21:31:15.969179,BR,free
590,2026-01-20 21:31:15.969179,BR,premium
591,2026-01-01 21:31:15.969179,BR,free
592,2026-02-20 21:31:15.969179,US,premium
593,2025-12-28 21:31:15.969179,BR,free
594,2026-01-31 21:31:15.969179,BR,free
595,2026-03-22 21:31:15.969179,UK,premium
596,2026-02-01 21:31:15.969179,BR,free
597,2026-01-27 21:31:15.969179,US,free
598,2025-12-30 21:31:15.969179,BR,free
599,2026-03-28 21:31:15.969179,BR,free
600,2026-03-02 21:31:15.969179,BR,premium
601,2026-01-07 21:31:15.969179,BR,free
602,2026-01-29 21:31:15.969179,BR,free
603,2026-01-23 21:31:15.969179,BR,free
604,2026-01-29 21:31:15.969179,BR,free
605,2026-03-24 21:31:15.969179,BR,free
606,2026-01-14 21:31:15.969179,BR,free
607,2026-01-01 21:31:15.969179,BR,free
608,2026-02-27 21:31:15.969179,BR,premium
609,2026-01-31 21:31:15.969179,BR,free
610,2026-01-01 21:31:15.969179,US,free
611,2025-12-28 21:31:15.969179,BR,premium
612,2026-02-25 21:31:15.969179,US,free
613,2026-02-20 21:31:15.969179,US,free
614,2026-02-14 21:31:15.969179,BR,free
615,2026-02-26 21:31:15.969179,UK,free
616,2026-01-30 21:31:15.969179,DE,free
617,2026-01-07 21:31:15.969179,BR,premium
618,2026-01-10 21:31:15.969179,BR,free
619,2026-01-06 21:31:15.969179,UK,free
620,2026-01-20 21:31:15.969179,US,premium
621,2026-01-24 21:31:15.969179,BR,free
622,2026-03-07 21:31:15.969179,BR,free
623,2026-03-17 21:31:15.969179,BR,free
624,2026-03-11 21:31:15.969179,BR,premium
625,2026-03-09 21:31:15.969179,US,free
626,2026-02-08 21:31:15.969179,BR,free
627,2026-02-09 21:31:15.969179,BR,free
628,2026-02-02 21:31:15.969179,US,free
629,2026-03-14 21:31:15.969179,BR,free
630,2026-03-18 21:31:15.969179,BR,free
631,2026-01-19 21:31:15.969179,US,premium
632,2026-03-12 21:31:15.969179,UK,free
633,2026-01-08 21:31:15.969179,BR,free
634,2026-02-03 21:31:15.969179,BR,premium
635,2026-03-27 21:31:15.969179,BR,premium
636,2026-01-18 21:31:15.969179,BR,free
637,2026-03-05 21:31:15.969179,BR,free
638,2026-03-21 21:31:15.969179,BR,free
639,2026-02-08 21:31:15.969179,BR,premium
640,2026-03-13 21:31:15.969179,BR,premium
641,2026-01-05 21:31:15.969179,BR,free
642,2026-01-05 21:31:15.969179,BR,premium
643,2026-01-24 21:31:15.969179,BR,free
644,2026-02-20 21:31:15.969179,BR,free
645,2026-01-23 21:31:15.969179,BR,free
646,2026-02-14 21:31:15.969179,UK,premium
647,2026-02-13 21:31:15.969179,BR,free
648,2026-01-27 21:31:15.969179,US,premium
649,2026-02-13 21:31:15.969179,US,premium
650,2026-03-18 21:31:15.969179,BR,premium
651,2025-12-28 21:31:15.969179,BR,free
652,2025-12-30 21:31:15.969179,BR,free
653,2026-01-02 21:31:15.969179,BR,free
654,2026-01-19 21:31:15.969179,US,free
655,2026-03-03 21:31:15.969179,BR,free
656,2026-03-27 21:31:15.969179,BR,premium
657,2026-01-17 21:31:15.969179,BR,free
658,2026-01-02 21:31:15.969179,BR,free
659,2026-02-20 21:31:15.969179,US,free
660,2026-01-13 21:31:15.969179,BR,free
661,2026-02-28 21:31:15.969179,BR,free
662,2026-01-14 21:31:15.969179,DE,free
663,2026-03-20 21:31:15.969179,US,premium
664,2026-02-26 21:31:15.969179,BR,free
665,2026-02-17 21:31:15.969179,BR,premium
666,2026-01-13 21:31:15.969179,BR,premium
667,2026-03-05 21:31:15.969179,BR,free
668,2026-03-22 21:31:15.969179,BR,premium
669,2026-03-05 21:31:15.969179,BR,free
670,2026-03-03 21:31:15.969179,BR,premium
671,2026-03-03 21:31:15.969179,BR,free
672,2026-01-13 21:31:15.969179,UK,premium
673,2026-01-05 21:31:15.969179,BR,premium
674,2026-01-18 21:31:15.969179,BR,premium
675,2026-02-06 21:31:15.969179,BR,premium
676,2026-03-14 21:31:15.969179,DE,free
677,2026-01-21 21:31:15.969179,BR,free
678,2026-01-08 21:31:15.969179,BR,free
679,2026-02-04 21:31:15.969179,DE,free
680,2026-03-22 21:31:15.969179,UK,free
681,2026-01-18 21:31:15.969179,UK,free
682,2026-03-17 21:31:15.969179,BR,premium
683,2026-03-27 21:31:15.969179,BR,free
684,2026-01-24 21:31:15.969179,US,premium
685,2026-01-31 21:31:15.969179,DE,free
686,2026-03-08 21:31:15.969179,BR,premium
687,2026-01-03 21:31:15.969179,BR,premium
688,2026-03-07 21:31:15.969179,BR,free
689,2026-03-05 21:31:15.969179,US,free
690,2026-02-14 21:31:15.969179,BR,premium
691,2026-01-31 21:31:15.969179,BR,free
692,2026-02-28 21:31:15.969179,BR,free
693,2026-02-25 21:31:15.969179,BR,free
694,2026-01-18 21:31:15.969179,BR,free
695,2026-02-28 21:31:15.969179,BR,free
696,2026-01-16 21:31:15.969179,US,free
697,2026-01-11 21:31:15.969179,BR,free
698,2026-01-20 21:31:15.969179,BR,free
699,2026-01-01 21:31:15.969179,BR,premium
700,2026-03-22 21:31:15.969179,BR,free
701,2026-02-24 21:31:15.969179,BR,premium
702,2026-03-01 21:31:15.969179,BR,free
703,2026-02-12 21:31:15.969179,BR,free
704,2026-02-20 21:31:15.969179,BR,free
705,2026-01-21 21:31:15.969179,BR,free
706,2026-02-16 21:31:15.969179,DE,free
707,2026-03-19 21:31:15.969179,BR,free
708,2026-03-27 21:31:15.969179,UK,free
709,2026-01-01 21:31:15.969179,BR,free
710,2026-02-01 21:31:15.969179,US,free
711,2026-03-06 21:31:15.969179,US,free
712,2026-02-14 21:31:15.969179,BR,free
713,2026-02-02 21:31:15.969179,BR,premium
714,2026-03-08 21:31:15.969179,BR,free
715,2026-02-26 21:31:15.969179,BR,free
716,2026-02-03 21:31:15.969179,DE,premium
717,2026-01-28 21:31:15.969179,UK,free
718,2025-12-31 21:31:15.969179,DE,free
719,2026-01-11 21:31:15.969179,BR,premium
720,2025-12-28 21:31:15.969179,US,free
721,2026-01-28 21:31:15.969179,DE,free
722,2026-01-01 21:31:15.969179,BR,free
723,2026-03-27 21:31:15.969179,BR,free
724,2026-02-13 21:31:15.969179,US,free
725,2026-03-14 21:31:15.969179,BR,free
726,2026-03-02 21:31:15.969179,UK,free
727,2026-01-22 21:31:15.969179,BR,free
728,2026-02-11 21:31:15.969179,US,premium
729,2026-03-05 21:31:15.969179,BR,premium
730,2026-03-01 21:31:15.969179,BR,free
731,2026-02-24 21:31:15.969179,BR,free
732,2026-01-25 21:31:15.969179,UK,free
733,2026-01-13 21:31:15.969179,US,free
734,2026-03-07 21:31:15.969179,BR,free
735,2026-02-22 21:31:15.969179,BR,free
736,2026-02-20 21:31:15.969179,UK,premium
737,2026-03-09 21:31:15.969179,BR,free
738,2026-01-05 21:31:15.969179,UK,free
739,2026-01-13 21:31:15.969179,BR,free
740,2026-02-12 21:31:15.969179,BR,free
741,2026-03-25 21:31:15.969179,BR,premium
742,2026-01-12 21:31:15.969179,BR,premium
743,2025-12-31 21:31:15.969179,US,premium
744,2026-02-01 21:31:15.969179,BR,free
745,2026-01-02 21:31:15.969179,BR,free
746,2026-01-14 21:31:15.969179,UK,free
747,2026-01-20 21:31:15.969179,BR,free
748,2025-12-30 21:31:15.969179,BR,free
749,2026-02-23 21:31:15.969179,DE,premium
750,2026-02-09 21:31:15.969179,US,free
751,2026-02-21 21:31:15.969179,BR,free
752,2026-02-15 21:31:15.969179,DE,free
753,2026-02-18 21:31:15.969179,US,free
754,2026-02-25 21:31:15.969179,BR,free
755,2026-01-25 21:31:15.969179,BR,premium
756,2026-02-09 21:31:15.969179,US,premium
757,2026-03-24 21:31:15.969179,US,premium
758,2026-03-21 21:31:15.969179,BR,free
759,2026-01-20 21:31:15.969179,UK,free
760,2026-02-11 21:31:15.969179,US,free
761,2026-03-01 21:31:15.969179,BR,free
762,2026-03-02 21:31:15.969179,BR,premium
763,2026-03-28 21:31:15.969179,BR,free
764,2026-03-18 21:31:15.969179,US,free
765,2026-02-12 21:31:15.969179,BR,free
766,2026-02-10 21:31:15.969179,BR,free
767,2026-03-11 21:31:15.969179,US,premium
768,2026-03-10 21:31:15.969179,UK,free
769,2026-03-03 21:31:15.969179,BR,free
770,2026-03-16 21:31:15.969179,UK,free
771,2026-02-10 21:31:15.969179,BR,free
772,2025-12-30 21:31:15.969179,UK,premium
773,2026-03-14 21:31:15.969179,BR,premium
774,2026-03-03 21:31:15.969179,BR,premium
775,2026-03-26 21:31:15.969179,US,premium
776,2026-01-05 21:31:15.969179,BR,free
777,2026-03-06 21:31:15.969179,BR,free
778,2026-01-13 21:31:15.969179,US,free
779,2026-02-09 21:31:15.969179,US,free
780,2026-03-03 21:31:15.969179,US,premium
781,2026-01-14 21:31:15.969179,US,free
782,2026-02-05 21:31:15.969179,BR,premium
783,2026-03-28 21:31:15.969179,BR,free
784,2026-01-08 21:31:15.969179,BR,free
785,2026-03-20 21:31:15.969179,BR,free
786,2026-01-07 21:31:15.969179,DE,premium
787,2025-12-29 21:31:15.969179,BR,free
788,2026-01-31 21:31:15.969179,BR,free
789,2026-01-24 21:31:15.969179,BR,free
790,2026-01-27 21:31:15.969179,DE,free
791,2026-01-18 21:31:15.969179,BR,free
792,2026-01-26 21:31:15.969179,BR,premium
793,2026-02-19 21:31:15.969179,BR,free
794,2025-12-29 21:31:15.969179,US,free
795,2026-02-02 21:31:15.969179,BR,free
796,2025-12-31 21:31:15.969179,UK,free
797,2026-02-28 21:31:15.969179,DE,premium
798,2026-03-01 21:31:15.969179,BR,free
799,2026-02-23 21:31:15.969179,US,free
800,2026-03-01 21:31:15.969179,DE,free
801,2026-02-03 21:31:15.969179,US,premium
802,2026-03-13 21:31:15.969179,BR,premium
803,2026-03-07 21:31:15.969179,BR,free
804,2026-03-25 21:31:15.969179,US,free
805,2026-02-26 21:31:15.969179,BR,free
806,2026-03-15 21:31:15.969179,US,premium
807,2026-03-04 21:31:15.969179,DE,free
808,2026-01-19 21:31:15.969179,DE,free
809,2026-01-19 21:31:15.969179,BR,free
810,2026-02-17 21:31:15.969179,BR,free
811,2026-01-25 21:31:15.969179,DE,free
812,2026-01-29 21:31:15.969179,UK,premium
813,2026-01-24 21:31:15.969179,BR,free
814,2026-03-04 21:31:15.969179,DE,free
815,2026-02-09 21:31:15.969179,UK,free
816,2026-01-19 21:31:15.969179,BR,premium
817,2026-02-09 21:31:15.969179,BR,free
818,2026-03-01 21:31:15.969179,BR,premium
819,2026-03-27 21:31:15.969179,BR,free
820,2026-01-01 21:31:15.969179,BR,free
821,2026-02-04 21:31:15.969179,UK,free
822,2026-03-02 21:31:15.969179,BR,free
823,2026-03-24 21:31:15.969179,BR,free
824,2026-01-26 21:31:15.969179,BR,premium
825,2026-01-07 21:31:15.969179,BR,free
826,2026-02-02 21:31:15.969179,DE,free
827,2025-12-30 21:31:15.969179,BR,free
828,2026-02-03 21:31:15.969179,BR,premium
829,2026-02-22 21:31:15.969179,US,premium
830,2026-02-01 21:31:15.969179,BR,free
831,2025-12-31 21:31:15.969179,BR,premium
832,2026-01-09 21:31:15.969179,BR,free
833,2026-03-23 21:31:15.969179,BR,free
834,2026-03-06 21:31:15.969179,BR,premium
835,2026-02-22 21:31:15.969179,BR,premium
836,2026-03-12 21:31:15.969179,BR,free
837,2026-01-10 21:31:15.969179,DE,free
838,2026-02-25 21:31:15.969179,BR,free
839,2026-02-10 21:31:15.969179,BR,premium
840,2026-02-16 21:31:15.969179,US,free
841,2026-02-23 21:31:15.969179,BR,free
842,2026-01-20 21:31:15.969179,US,free
843,2026-01-23 21:31:15.969179,BR,free
844,2026-01-04 21:31:15.969179,DE,free
845,2025-12-28 21:31:15.969179,BR,premium
846,2026-01-01 21:31:15.969179,BR,free
847,2026-01-02 21:31:15.969179,BR,free
848,2026-02-02 21:31:15.969179,DE,free
849,2026-03-09 21:31:15.969179,BR,premium
850,2026-02-27 21:31:15.969179,BR,free
851,2026-02-23 21:31:15.969179,BR,free
852,2026-01-12 21:31:15.969179,US,premium
853,2026-03-16 21:31:15.969179,BR,premium
854,2025-12-31 21:31:15.969179,UK,premium
855,2026-02-08 21:31:15.969179,BR,premium
856,2026-01-10 21:31:15.969179,BR,free
857,2026-03-22 21:31:15.969179,BR,premium
858,2026-01-13 21:31:15.969179,BR,free
859,2026-01-31 21:31:15.969179,BR,premium
860,2026-02-24 21:31:15.969179,BR,premium
861,2026-01-19 21:31:15.969179,US,premium
862,2026-02-20 21:31:15.969179,BR,free
863,2026-01-19 21:31:15.969179,BR,free
864,2026-02-09 21:31:15.969179,BR,free
865,2025-12-28 21:31:15.969179,BR,premium
866,2026-03-13 21:31:15.969179,BR,premium
867,2026-03-09 21:31:15.969179,BR,free
868,2026-01-26 21:31:15.969179,BR,free
869,2026-01-11 21:31:15.969179,UK,free
870,2026-01-19 21:31:15.969179,DE,premium
871,2026-01-06 21:31:15.969179,BR,premium
872,2026-01-18 21:31:15.969179,BR,free
873,2026-03-17 21:31:15.969179,US,free
874,2026-02-04 21:31:15.969179,BR,premium
875,2026-01-24 21:31:15.969179,BR,premium
876,2026-02-03 21:31:15.969179,BR,free
877,2026-03-22 21:31:15.969179,US,free
878,2026-03-05 21:31:15.969179,US,free
879,2026-02-23 21:31:15.969179,BR,free
880,2026-01-25 21:31:15.969179,BR,free
881,2026-01-26 21:31:15.969179,BR,free
882,2025-12-31 21:31:15.969179,US,premium
883,2026-01-26 21:31:15.969179,BR,free
884,2026-03-04 21:31:15.969179,BR,premium
885,2026-02-08 21:31:15.969179,US,free
886,2026-02-12 21:31:15.969179,BR,free
887,2026-01-16 21:31:15.969179,US,free
888,2025-12-30 21:31:15.969179,BR,free
889,2026-01-07 21:31:15.969179,BR,premium
890,2025-12-29 21:31:15.969179,BR,premium
891,2026-03-26 21:31:15.969179,US,free
892,2026-01-16 21:31:15.969179,UK,free
893,2026-03-26 21:31:15.969179,UK,premium
894,2026-02-02 21:31:15.969179,BR,free
895,2026-03-21 21:31:15.969179,US,free
896,2026-01-08 21:31:15.969179,BR,premium
897,2026-02-25 21:31:15.969179,BR,free
898,2026-02-11 21:31:15.969179,UK,free
899,2025-12-28 21:31:15.969179,BR,free
900,2026-03-12 21:31:15.969179,BR,premium
901,2026-01-13 21:31:15.969179,BR,free
902,2026-02-01 21:31:15.969179,BR,free
903,2026-03-15 21:31:15.969179,BR,premium
904,2026-01-24 21:31:15.969179,BR,free
905,2026-03-07 21:31:15.969179,BR,premium
906,2026-03-04 21:31:15.969179,UK,free
907,2026-01-24 21:31:15.969179,UK,premium
908,2026-02-09 21:31:15.969179,BR,free
909,2026-03-11 21:31:15.969179,BR,free
910,2025-12-29 21:31:15.969179,BR,free
911,2026-03-20 21:31:15.969179,BR,free
912,2025-12-28 21:31:15.969179,BR,premium
913,2026-02-03 21:31:15.969179,US,premium
914,2026-02-01 21:31:15.969179,BR,free
915,2026-02-21 21:31:15.969179,BR,free
916,2025-12-28 21:31:15.969179,BR,premium
917,2026-02-17 21:31:15.969179,BR,premium
918,2026-03-23 21:31:15.969179,DE,free
919,2026-03-13 21:31:15.969179,US,free
920,2026-02-09 21:31:15.969179,BR,free
921,2026-02-16 21:31:15.969179,UK,free
922,2026-01-21 21:31:15.969179,BR,free
923,2025-12-31 21:31:15.969179,UK,free
924,2026-02-27 21:31:15.969179,US,free
925,2026-03-08 21:31:15.969179,BR,premium
926,2026-01-08 21:31:15.969179,BR,free
927,2026-03-17 21:31:15.969179,BR,free
928,2026-03-18 21:31:15.969179,BR,free
929,2026-03-28 21:31:15.969179,US,free
930,2026-02-08 21:31:15.969179,BR,free
931,2026-03-13 21:31:15.969179,BR,free
932,2026-02-26 21:31:15.969179,UK,free
933,2026-03-05 21:31:15.969179,DE,free
934,2026-01-03 21:31:15.969179,BR,free
935,2026-01-28 21:31:15.969179,BR,free
936,2026-03-27 21:31:15.969179,BR,premium
937,2026-03-03 21:31:15.969179,BR,free
938,2026-03-03 21:31:15.969179,DE,premium
939,2026-01-16 21:31:15.969179,BR,free
940,2026-02-02 21:31:15.969179,BR,free
941,2026-03-04 21:31:15.969179,BR,free
942,2026-01-19 21:31:15.969179,BR,free
943,2026-03-27 21:31:15.969179,US,premium
944,2026-01-29 21:31:15.969179,UK,premium
945,2026-01-20 21:31:15.969179,BR,premium
946,2026-03-22 21:31:15.969179,BR,free
947,2026-03-02 21:31:15.969179,BR,free
948,2026-03-16 21:31:15.969179,DE,free
949,2026-02-14 21:31:15.969179,UK,free
950,2026-02-10 21:31:15.969179,BR,free
951,2026-01-14 21:31:15.969179,US,free
952,2026-01-23 21:31:15.969179,US,free
953,2026-02-12 21:31:15.969179,BR,free
954,2026-02-03 21:31:15.969179,DE,premium
955,2025-12-29 21:31:15.969179,BR,premium
956,2026-02-25 21:31:15.969179,BR,premium
957,2026-01-31 21:31:15.969179,BR,free
958,2026-01-08 21:31:15.969179,BR,free
959,2026-03-12 21:31:15.969179,BR,free
960,2026-03-08 21:31:15.969179,US,premium
961,2026-01-20 21:31:15.969179,BR,free
962,2026-02-26 21:31:15.969179,US,free
963,2026-03-08 21:31:15.969179,BR,premium
964,2026-03-07 21:31:15.969179,BR,free
965,2026-01-09 21:31:15.969179,BR,free
966,2026-01-24 21:31:15.969179,BR,free
967,2026-02-25 21:31:15.969179,US,free
968,2026-03-21 21:31:15.969179,BR,free
969,2026-03-24 21:31:15.969179,BR,free
970,2026-02-06 21:31:15.969179,BR,free
971,2026-03-23 21:31:15.969179,US,free
972,2026-01-26 21:31:15.969179,DE,premium
973,2026-01-04 21:31:15.969179,US,free
974,2026-03-12 21:31:15.969179,BR,free
975,2026-03-21 21:31:15.969179,BR,free
976,2026-03-28 21:31:15.969179,BR,premium
977,2026-02-17 21:31:15.969179,BR,free
978,2026-02-23 21:31:15.969179,BR,free
979,2026-02-17 21:31:15.969179,BR,premium
980,2026-02-24 21:31:15.969179,BR,premium
981,2026-02-26 21:31:15.969179,BR,free
982,2026-02-04 21:31:15.969179,US,premium
983,2026-03-01 21:31:15.969179,BR,free
984,2026-02-09 21:31:15.969179,BR,free
985,2026-02-04 21:31:15.969179,US,free
986,2026-03-23 21:31:15.969179,BR,free
987,2026-01-14 21:31:15.969179,US,premium
988,2026-01-16 21:31:15.969179,BR,free
989,2026-03-24 21:31:15.969179,BR,free
990,2026-01-07 21:31:15.969179,UK,premium
991,2026-01-21 21:31:15.969179,US,premium
992,2026-03-24 21:31:15.969179,US,free
993,2026-02-19 21:31:15.969179,BR,free
994,2026-01-19 21:31:15.969179,BR,free
995,2026-01-18 21:31:15.969179,BR,premium
996,2026-01-17 21:31:15.969179,BR,free
997,2026-01-20 21:31:15.969179,DE,premium
998,2026-03-18 21:31:15.969179,BR,free
999,2026-03-24 21:31:15.969179,DE,free
1000,2026-02-11 21:31:15.969179,BR,free
